rank,movement,points,competitions_played,competitor_id,name,country,country_code,abbreviation
1,0,8530,23,sr:competitor:49363,"Pavic, Mate",Croatia,HRV,PAV
1,0,8530,23,sr:competitor:51836,"Arevalo-Gonzalez, Marcelo",El Salvador,SLV,ARE
3,0,7295,28,sr:competitor:637970,"Patten, Henry",Great Britain,GBR,PAT
4,0,7120,27,sr:competitor:14898,"Heliovaara, Harri",Finland,FIN,HEL
5,6,6575,19,sr:competitor:87690,"Thompson, Jordan",Australia,AUS,THO
6,-1,5970,20,sr:competitor:36593,"Krawietz, Kevin",Germany,DEU,KRA
7,-1,5880,19,sr:competitor:52293,"Putz, Tim",Germany,DEU,PUT
8,-1,5790,21,sr:competitor:15310,"Bolelli, Simone",Italy,ITA,BOL
9,-1,5790,22,sr:competitor:95801,"Vavassori, Andrea",Italy,ITA,VAV
10,-1,5595,15,sr:competitor:15568,"Granollers, Marcel",Spain,ESP,GRA
11,-1,5595,18,sr:competitor:16160,"Zeballos, Horacio",Argentina,ARG,ZEB
12,1,5050,15,sr:competitor:124658,"Purcell, Max",Australia,AUS,PUR
13,-1,4340,24,sr:competitor:16608,"Mektic, Nikola",Croatia,HRV,MEK
14,0,3775,27,sr:competitor:16151,"Venus, Michael",New Zealand,NZL,VEN
15,1,3610,26,sr:competitor:53785,"Skupski, Neal",Great Britain,GBR,SKU
16,-1,3530,34,sr:competitor:59131,"Glasspool, Lloyd",Great Britain,GBR,GLA
17,0,3215,32,sr:competitor:108099,"Cash, Julian",Great Britain,GBR,CAS
18,4,3140,24,sr:competitor:38181,"Molteni, Andres",Argentina,ARG,MOL
19,1,3105,22,sr:competitor:16409,"Ebden, Matthew",Australia,AUS,EBD
20,-2,3050,30,sr:competitor:210736,"Lammons, Nathaniel",USA,USA,LAM
21,0,3000,21,sr:competitor:15307,"Bopanna, Rohan",India,IND,BRO
22,4,2960,19,sr:competitor:15548,"Gonzalez, Maximo",Argentina,ARG,GON
23,-4,2960,34,sr:competitor:55989,"Withrow, Jackson",USA,USA,WIT
24,1,2820,29,sr:competitor:47834,"Murray, Jamie",Great Britain,GBR,MUR
25,-1,2815,28,sr:competitor:81059,"Gille, Sander",Belgium,BEL,GIL
26,-3,2765,25,sr:competitor:16124,"Melo, Marcelo",Brazil,BRA,MEL
27,1,2695,26,sr:competitor:14553,"Ram, Rajeev",USA,USA,RAM
28,-1,2605,28,sr:competitor:106349,"Reboul, Fabien",France,FRA,REB
29,11,2568,36,sr:competitor:23899,"King, Evan",USA,USA,KIN
30,5,2550,26,sr:competitor:52202,"Nys, Hugo",Monaco,MCO,NYS
31,-2,2545,32,sr:competitor:206889,"Galloway, Robert",USA,USA,GAL
32,-1,2535,30,sr:competitor:56629,"Peers, John",Australia,AUS,PEE
33,-1,2520,22,sr:competitor:74173,"Salisbury, Joe",Great Britain,GBR,SAL
34,-4,2460,26,sr:competitor:14835,"Roger-Vasselin, Edouard",France,FRA,ROG
35,-1,2460,26,sr:competitor:112805,"Zielinski, Jan",Poland,POL,ZIE
36,6,2445,36,sr:competitor:52065,"Harrison, Christian",USA,USA,HAR
37,2,2440,28,sr:competitor:22967,"Bhambri, Yuki",India,IND,BHA
38,0,2337,26,sr:competitor:76263,"Matos, Rafael",Brazil,BRA,MAT
39,-3,2335,34,sr:competitor:106559,"Doumbia, Sadio",France,FRA,DOU
40,-7,2325,27,sr:competitor:16275,"Dodig, Ivan",Croatia,HRV,DOD
41,-4,2305,29,sr:competitor:104917,"Vliegen, Joran",Belgium,BEL,VLI
42,1,2145,27,sr:competitor:59324,"Pavlasek, Adam",Czechia,CZE,PAV
43,-2,2115,27,sr:competitor:230186,"Verbeek, Sem",Netherlands,NLD,VER
44,1,2045,28,sr:competitor:70348,"Goransson, Andre",Sweden,SWE,GOR
45,-1,2006,29,sr:competitor:45105,"Behar, Ariel",Uruguay,URY,BEH
46,0,1904,32,sr:competitor:114831,"Erler, Alexander",Austria,AUT,ERL
47,0,1835,23,sr:competitor:47966,"Olivetti, Albano",France,FRA,OLI
48,0,1825,33,sr:competitor:47295,"Andreozzi, Guido",Argentina,ARG,AND
49,1,1796,32,sr:competitor:108755,"Jebens, Hendrik",Germany,DEU,JEB
50,19,1780,9,sr:competitor:203681,"Korda, Sebastian",USA,USA,KOR
51,2,1763,33,sr:competitor:62410,"Johnson, Luke",Great Britain,GBR,JOH
52,-3,1756,35,sr:competitor:231188,"Frantzen, Constantin",Germany,DEU,FRA
53,-2,1745,32,sr:competitor:66864,"Arends, Sander",Netherlands,NLD,ARE
54,2,1710,30,sr:competitor:15305,"Gonzalez, Santiago",Mexico,MEX,GON
55,-3,1690,24,sr:competitor:25189,"Krajicek, Austin",USA,USA,KRA
56,-1,1640,31,sr:competitor:78793,"Miedler, Lucas",Austria,AUT,MIE
57,-3,1590,31,sr:competitor:15588,"Rojer, Jean-Julien",Netherlands,NLD,ROJ
58,-1,1580,42,sr:competitor:231090,"Arribage, Theo",France,FRA,ARR
59,0,1555,33,sr:competitor:127646,"Cabral, Francisco",Portugal,PRT,CAB
60,-2,1552,29,sr:competitor:69362,"Mansouri, Skander",Tunisia,TUN,MAN
61,-1,1544,30,sr:competitor:49306,"Reyes-Varela, Miguel",Mexico,MEX,REY
62,-1,1528,33,sr:competitor:52244,"Balaji, N. Sriram",India,IND,BAL
63,-1,1500,30,sr:competitor:81763,"Jacq, Gregoire",France,FRA,JAC
64,-1,1430,35,sr:competitor:48646,"Barrientos, Nicolas",Colombia,COL,BAR
65,-1,1405,37,sr:competitor:111195,"Luz, Orlando",Brazil,BRA,LUZ
66,19,1390,26,sr:competitor:17038,"Smith, John-Patrick",Australia,AUS,SMI
67,-2,1347,32,sr:competitor:918463,"Bollipalli, Rithvik Choudary",India,IND,BOL
68,14,1337,41,sr:competitor:16823,"Romboli, Fernando",Brazil,BRA,ROM
69,4,1325,23,sr:competitor:16198,"Escobar, Gonzalo",Ecuador,ECU,ESC
70,-3,1307,42,sr:competitor:112969,"Schnaitter, Jakob",Germany,DEU,SCH
70,-3,1307,42,sr:competitor:936355,"Wallner, Mark",Germany,DEU,WAL
72,-6,1295,24,sr:competitor:121182,"Guinard, Manuel",France,FRA,GUI
73,3,1175,30,sr:competitor:152900,"Rikl, Patrik",Czechia,CZE,RIK
74,-4,1161,23,sr:competitor:25457,"Nedovyesov, Aleksandr",Kazakhstan,KAZ,NED
75,-1,1132,24,sr:competitor:838776,"Tracy, James",USA,USA,TRA
76,4,1132,32,sr:competitor:204781,"Nouza, Petr",Czechia,CZE,NOU
77,-6,1130,34,sr:competitor:287215,"Seggerman, Ryan",USA,USA,SEG
78,5,1125,12,sr:competitor:300540,"Machac, Tomas",Czechia,CZE,MAC
79,-7,1120,13,sr:competitor:63438,"McDonald, Mackenzie",USA,USA,MCD
80,14,1100,29,sr:competitor:52263,"Hidalgo, Diego",Ecuador,ECU,HID
81,-6,1095,10,sr:competitor:871495,"Michelsen, Alex",USA,USA,MIC
82,-1,1093,34,sr:competitor:223868,"Matuszewski, Piotr",Poland,POL,MAT
83,-6,1091,31,sr:competitor:16042,"Haase, Robin",Netherlands,NLD,HAA
84,-6,1075,28,sr:competitor:41475,"Arneodo, Romain",Monaco,MCO,ARN
85,-6,1056,39,sr:competitor:147104,"Romios, Matthew Christopher",Australia,AUS,ROM
86,-2,1031,29,sr:competitor:16043,"Middelkoop, Matwe",Netherlands,NLD,MID
87,-1,1020,22,sr:competitor:104421,"Mies, Andreas",Germany,DEU,MIE
88,-1,1002,25,sr:competitor:76361,"Kadhe, Arjun",India,IND,KAD
89,-1,990,10,sr:competitor:75813,"Zhang, Zhizhen",China,CHN,ZHA
90,-1,987,25,sr:competitor:16573,"Demoliner, Marcelo",Brazil,BRA,DEM
91,1,983,17,sr:competitor:393598,"Cash, Robert",USA,USA,CAS
92,3,973,37,sr:competitor:98413,"Drzewiecki, Karol",Poland,POL,DRZ
93,6,966,27,sr:competitor:52951,"Pel, David",Netherlands,NLD,PEL
94,-4,963,38,sr:competitor:77653,"Cornea, Victor",Romania,ROU,COR
95,-2,947,31,sr:competitor:60920,"Nedunchezhiyan, Jeevan",India,IND,NED
96,0,907,35,sr:competitor:1020797,"Trhac, Patrik",USA,USA,TRH
97,4,905,28,sr:competitor:243522,"Paul, Jakub",Switzerland,CHE,PAU
98,-1,898,30,sr:competitor:234124,"Stevens, Bart",Netherlands,NLD,STE
99,-8,870,7,sr:competitor:57163,"Zverev, Alexander",Germany,DEU,ZVE
100,-2,853,37,sr:competitor:73572,"Zormann, Marcelo",Brazil,BRA,ZOR
101,-1,844,32,sr:competitor:16492,"Eysseric, Jonathan",France,FRA,EYS
102,0,831,30,sr:competitor:53759,"Prashanth, N. Vijay Sundar",India,IND,PRA
103,0,806,36,sr:competitor:121032,"Stalder, Reese",USA,USA,STA
104,0,802,35,sr:competitor:16992,"Willis, Marcus",Great Britain,GBR,WIL
105,2,796,36,sr:competitor:157396,"Veldheer, Mick",Netherlands,NLD,VEL
106,-1,792,40,sr:competitor:256001,"Ho, Ray",Chinese Taipei,TPE,RAY
107,7,790,27,sr:competitor:197678,"Tsitsipas, Petros",Greece,GRC,TSI
108,0,765,13,sr:competitor:808628,"Shelton, Ben",USA,USA,SHE
109,1,756,27,sr:competitor:450383,"Harper, Cleeve",Canada,CAN,HAR
110,-1,743,35,sr:competitor:209202,"Chandrasekar, Anirudh",India,IND,CHA
111,0,736,28,sr:competitor:296270,"Stevenson, David",Great Britain,GBR,STE
112,0,733,35,sr:competitor:50037,"Bortolotti, Marco",Italy,ITA,BOR
113,2,730,23,sr:competitor:77223,"Martinez, Pedro",Spain,ESP,MAR
114,2,730,24,sr:competitor:263917,"Draxl, Liam",Canada,CAN,DRA
115,-2,716,35,sr:competitor:145936,"Kaliyanda Poonacha, Niki",India,IND,KAL
116,2,712,15,sr:competitor:35766,"Begemann, Andre",Germany,DEU,BEG
117,43,690,13,sr:competitor:102151,"Tabilo, Alejandro",Chile,CHL,TAB
118,-12,687,19,sr:competitor:299130,"Hijikata, Rinky",Australia,AUS,HIJ
119,1,675,9,sr:competitor:125006,"Borges, Nuno",Portugal,PRT,BOR
120,1,675,34,sr:competitor:95923,"Paris, Joshua",Great Britain,GBR,PAR
121,1,672,16,sr:competitor:39712,"Saville, Luke",Australia,AUS,SAV
122,1,668,31,sr:competitor:42151,"Nam, Ji Sung",Republic of Korea,KOR,NAM
123,-6,667,31,sr:competitor:119150,"Fancutt, Thomas",Australia,AUS,FAN
124,-5,662,33,sr:competitor:16854,"Molchanov, Denys",Ukraine,UKR,MOL
125,-1,644,26,sr:competitor:124708,"Cukierman, Daniel",Israel,ISR,CUK
126,29,643,24,sr:competitor:305776,"Soto, Matias",Chile,CHL,SOT
127,-1,640,10,sr:competitor:126356,"Munar, Jaume",Spain,ESP,MUN
128,-1,632,30,sr:competitor:111607,"Ingildsen, Johannes",Denmark,DNK,ING
129,-1,630,10,sr:competitor:90080,"Khachanov, Karen",Neutral,,KHA
130,-1,630,13,sr:competitor:163480,"Bublik, Alexander",Kazakhstan,KAZ,BUB
131,-1,630,20,sr:competitor:534043,"Darderi, Luciano",Italy,ITA,DAR
132,-7,627,31,sr:competitor:69910,"Bergevi, Filip",Sweden,SWE,BER
133,-2,625,30,sr:competitor:240880,"Hilderbrand, Trey",USA,USA,HIL
134,12,623,27,sr:competitor:234044,"Kirkov, Vasil",USA,USA,KIR
135,-3,621,37,sr:competitor:77011,"Martos Gornes, Sergio",Spain,ESP,MAR
136,7,615,24,sr:competitor:141882,"Blancaneaux, Geoffrey",France,FRA,BLA
137,-4,615,27,sr:competitor:25021,"Cervantes, Inigo",Spain,ESP,CER
138,2,602,36,sr:competitor:113889,"Liutarevich, Ivan",Neutral,,LIU
139,-3,600,25,sr:competitor:78387,"Hach Verdugo, Hans",Mexico,MEX,HAC
140,-3,582,34,sr:competitor:297502,"Bayldon, Blake",Australia,AUS,BAY
141,3,579,35,sr:competitor:145008,"Uesugi, Kaito",Japan,JPN,UES
142,-3,578,25,sr:competitor:548169,"Yuzuki, Takeru",Japan,JPN,YUZ
143,19,577,18,sr:competitor:100069,"Sachko, Vitaliy",Ukraine,UKR,SAC
144,6,574,38,sr:competitor:52260,"Vega, David",Spain,ESP,VEG
145,-3,560,12,sr:competitor:392066,"Navone, Mariano",Argentina,ARG,NAV
146,7,557,31,sr:competitor:58989,"Sabanov, Matej",Serbia,SRB,SAB
147,-9,554,24,sr:competitor:119140,"Ellis, Blake",Australia,AUS,ELL
148,-1,548,37,sr:competitor:98981,"Jecan, Alexandru",Romania,ROU,JEC
149,-1,545,5,sr:competitor:128552,"Popyrin, Alexei",Australia,AUS,POP
150,-16,545,35,sr:competitor:37637,"Zeballos, Federico",Bolivia,BOL,ZEB
150,-16,545,35,sr:competitor:54609,"Arias, Boris",Bolivia,BOL,ARI
152,-1,542,34,sr:competitor:25458,"Martinez, Luis David",Venezuela,VEN,MAR
153,-1,541,15,sr:competitor:405977,"Schoolkate, Tristan",Australia,AUS,SCH
154,2,531,25,sr:competitor:380004,"Harper, Patrick",Australia,AUS,HAR
155,3,531,38,sr:competitor:112061,"Walkow, Szymon",Poland,POL,WAL
156,-2,521,24,sr:competitor:113221,"Niklas-Salminen, Patrik",Finland,FIN,NIK
157,2,520,5,sr:competitor:102339,"Van de Zandschulp, Botic",Netherlands,NLD,VAN
158,-9,515,29,sr:competitor:110707,"Pichler, David",Austria,AUT,PIC
159,-2,511,21,sr:competitor:216502,"Broom, Charles",Great Britain,GBR,BRO
160,-19,506,17,sr:competitor:15809,"Martin, Fabrice",France,FRA,MAR
161,8,505,26,sr:competitor:195458,"Added, Dan",France,FRA,ADD
162,8,504,28,sr:competitor:44637,"Rodriguez, Cristian",Colombia,COL,ROC
163,10,502,35,sr:competitor:84671,"Britto, Luis",Brazil,BRA,BRI
164,-1,500,4,sr:competitor:44553,"Herbert, Pierre-Hugues",France,FRA,HER
165,-1,495,10,sr:competitor:122366,"Tsitsipas, Stefanos",Greece,GRC,TSI
166,1,485,24,sr:competitor:58877,"Ramanathan, Ramkumar",India,IND,RAM
167,1,480,4,sr:competitor:136042,"Fritz, Taylor",USA,USA,FRI
168,-7,479,31,sr:competitor:92845,"Goldhoff, George",USA,USA,GOL
169,10,476,22,sr:competitor:280601,"Oberleitner, Neil",Austria,AUT,OBE
170,1,473,21,sr:competitor:146040,"Gomez, Federico Agustin",Argentina,ARG,GOM
171,18,472,37,sr:competitor:422955,"Sanchez, Luca",France,FRA,SAN
172,0,471,7,sr:competitor:94485,"Bonzi, Benjamin",France,FRA,BON
173,1,464,16,sr:competitor:530317,"Rincon, Daniel",Spain,ESP,RIN
174,-9,460,27,sr:competitor:72420,"Merino, Alexander",Peru,PER,MER
175,-9,460,29,sr:competitor:55745,"Negritu, Christoph",Germany,DEU,NEG
176,0,460,29,sr:competitor:390480,"Watanabe, Seita",Japan,JPN,WAT
177,0,459,34,sr:competitor:155860,"Lock, Courtney John",Zimbabwe,ZWE,LOC
178,-3,458,28,sr:competitor:628218,"Karol, Milos",Slovakia,SVK,KAR
179,-1,452,22,sr:competitor:204495,"Vocel, Matej",Czechia,CZE,VOC
180,1,451,33,sr:competitor:297448,"Kiger, Mac",USA,USA,KIG
181,6,449,12,sr:competitor:448357,"Spizzirri, Eliot",USA,USA,SPI
182,0,449,22,sr:competitor:59700,"Isaro, Pruchya",Thailand,THA,ISA
183,-3,446,15,sr:competitor:295508,"Vrbensky, Michael",Czechia,CZE,VRB
184,-1,445,17,sr:competitor:47760,"Weissborn, Tristan-Samuel",Austria,AUT,WEI
185,-1,444,26,sr:competitor:96859,"Lock, Benjamin",Zimbabwe,ZWE,LOC
186,10,437,33,sr:competitor:106395,"Ricca, Giorgio",Italy,ITA,RIC
187,-2,427,31,sr:competitor:263865,"Reynolds, Finn",New Zealand,NZL,REY
188,2,427,31,sr:competitor:55293,"Sabanov, Ivan",Serbia,SRB,SAB
189,-3,420,15,sr:competitor:122368,"Griekspoor, Tallon",Netherlands,NLD,GRI
190,1,410,13,sr:competitor:49417,"Tu, Li",Australia,AUS,TUL
191,1,405,9,sr:competitor:671637,"Fils, Arthur",France,FRA,FIL
192,1,404,22,sr:competitor:396126,"Barnat, Jiri",Czechia,CZE,BAR
193,26,400,34,sr:competitor:163538,"Donski, Alexander",Bulgaria,BGR,DON
194,17,399,22,sr:competitor:221556,"Alves, Mateus",Brazil,BRA,ALV
195,-7,399,31,sr:competitor:289021,"Charlton, Joshua",Australia,AUS,CHA
196,-1,396,9,sr:competitor:108767,"Hassan, Benjamin",Lebanon,LBN,HAS
197,0,396,27,sr:competitor:99043,"Wang, Aoran",China,CHN,WAN
198,37,395,29,sr:competitor:310972,"Banthia, Siddhant",India,IND,BAN
199,-1,383,22,sr:competitor:218344,"Lawson, Alex",USA,USA,LAW
200,-1,378,14,sr:competitor:342826,"Trotter, James Kent",Japan,JPN,TRO
201,-1,378,16,sr:competitor:250231,"Shimizu, Yuta",Japan,JPN,SHI
202,0,371,18,sr:competitor:284801,"Boyer, Tristan",USA,USA,BOY
203,-58,370,7,sr:competitor:14508,"Mahut, Nicolas",France,FRA,MAH
204,-10,365,12,sr:competitor:227358,"Walton, Adam",Australia,AUS,WAL
205,0,365,26,sr:competitor:15275,"Matsui, Toshihide",Japan,JPN,MAT
206,0,361,24,sr:competitor:82579,"Uchida, Kaichi",Japan,JPN,UCH
207,48,360,4,sr:competitor:352776,"Draper, Jack",Great Britain,GBR,DRA
208,-1,360,6,sr:competitor:206879,"Eubanks, Christopher",USA,USA,EUB
209,-1,360,7,sr:competitor:89632,"Jarry, Nicolas",Chile,CHL,JAR
210,-1,360,20,sr:competitor:169496,"Etcheverry, Tomas Martin",Argentina,ARG,ETC
211,7,355,31,sr:competitor:161448,"Jones, Ben",Great Britain,GBR,JON
212,-8,354,34,sr:competitor:395828,"Saraiva Dos Santos, Paulo Andre",Brazil,BRA,SAR
213,27,351,10,sr:competitor:132558,"Kolar, Zdenek",Czechia,CZE,KOL
214,-1,349,28,sr:competitor:50148,"Puttergill, Calum",Australia,AUS,PUT
215,-1,348,27,sr:competitor:193930,"Sigouin, Benjamin",Canada,CAN,SIG
216,1,340,28,sr:competitor:233144,"Duda, Filip",Czechia,CZE,DUD
217,-2,340,38,sr:competitor:880089,"Pereira, Tiago",Portugal,PRT,PER
218,2,332,12,sr:competitor:64920,"Myneni, Saketh",India,IND,MYN
219,-18,331,24,sr:competitor:99377,"Kestelboim, Mariano",Argentina,ARG,KES
220,1,331,26,sr:competitor:163438,"Sun, Fajing",China,CHN,SUN
221,172,330,2,sr:competitor:339377,"Lehecka, Jiri",Czechia,CZE,LEH
222,1,330,38,sr:competitor:96629,"Duncan, Scott",Great Britain,GBR,DUN
223,-1,327,9,sr:competitor:539343,"Kym, Jerome",Switzerland,CHE,KYM
224,-14,327,23,sr:competitor:85877,"Villanueva, Gonzalo",Argentina,ARG,VIL
225,-22,321,27,sr:competitor:84301,"Reese, Hunter",USA,USA,REE
226,-10,315,8,sr:competitor:124930,"Safiullin, Roman",Neutral,,SAF
227,-3,315,10,sr:competitor:257721,"Baez, Sebastian",Argentina,ARG,BAE
228,-3,315,10,sr:competitor:399637,"Cobolli, Flavio",Italy,ITA,COB
229,-3,315,11,sr:competitor:43319,"Duran, Guillermo",Argentina,ARG,DUR
230,-3,315,15,sr:competitor:255595,"Cerundolo, Francisco",Argentina,ARG,CER
231,31,315,26,sr:competitor:723013,"Pokorny, Lukas",Slovakia,SVK,POK
232,-3,309,19,sr:competitor:251091,"Noguchi, Rio",Japan,JPN,NOG
233,-3,306,8,sr:competitor:134610,"Blumberg, William",USA,USA,BLU
234,-6,305,13,sr:competitor:168420,"Andrade, Andres",Ecuador,ECU,AND
235,13,305,16,sr:competitor:220588,"Hsu, Yu Hsiou",Chinese Taipei,TPE,HSU
236,2,304,25,sr:competitor:169492,"Aboian, Leonardo",Argentina,ARG,ABO
237,-5,303,27,sr:competitor:79223,"Delaney, Jake",Australia,AUS,DEL
238,1,301,32,sr:competitor:348308,"Sheehy, Joshua",USA,USA,SHE
239,-27,300,19,sr:competitor:145108,"Bertola, Remy",Switzerland,CHE,BER
240,14,299,23,sr:competitor:686709,"Simakin, Ilia",Neutral,,SIM
241,-8,298,13,sr:competitor:428657,"Shelbayh, Abdullah",Jordan,JOR,SHE
242,-8,298,27,sr:competitor:77501,"Wehnelt, Kai",Germany,DEU,WEH
243,-7,296,8,sr:competitor:212004,"Rodionov, Jurij",Austria,AUT,ROD
244,-7,295,7,sr:competitor:496346,"Stricker, Dominic",Switzerland,CHE,STR
245,-3,287,24,sr:competitor:552469,"Agafonov, Egor",Neutral,,AGA
246,-2,286,13,sr:competitor:51974,"Daniell, Marcus",New Zealand,NZL,DAN
247,3,286,31,sr:competitor:96535,"Virgili, Augusto",Italy,ITA,VIR
248,-7,283,31,sr:competitor:853643,"Romano, Filippo",Italy,ITA,ROM
249,7,282,11,sr:competitor:284805,"Nava, Emilio",USA,USA,NAV
250,8,277,25,sr:competitor:498580,"Aboian, Valerio",Argentina,ARG,ABO
251,6,276,21,sr:competitor:161868,"Huertas Del Pino, Connor",Peru,PER,HUE
252,-1,275,6,sr:competitor:294300,"Nakashima, Brandon",USA,USA,NAK
253,-1,274,14,sr:competitor:38180,"Mena, Facundo",Argentina,ARG,MEN
254,-23,274,26,sr:competitor:185434,"Rodriguez Taverna, Santiago",Argentina,ARG,ROD
255,-2,274,28,sr:competitor:120956,"Alcantara, Francis Casey",Philippines,PHL,ALC
256,-7,274,30,sr:competitor:308834,"Schachter, Noah",USA,USA,SCH
257,-11,274,36,sr:competitor:379924,"Whiting, Tennyson",USA,USA,WHI
258,-13,272,33,sr:competitor:154740,"Delaney, Jesse",Australia,AUS,DEL
259,32,272,41,sr:competitor:51304,"Stevenson, Kelsey",Canada,CAN,STE
260,-17,270,10,sr:competitor:121122,"Freund, Simon",Sweden,SWE,FRE
261,-1,260,11,sr:competitor:682913,"Rocha, Henrique",Portugal,PRT,ROC
262,11,258,30,sr:competitor:731833,"Kielan, Szymon",Poland,POL,KIE
263,17,257,31,sr:competitor:412829,"Matsuda, Ryuki",Japan,JPN,MAT
264,-1,256,8,sr:competitor:156664,"TE, Rigele",China,CHN,RIG
265,-1,256,18,sr:competitor:214824,"Aguilar, Juan Carlos",Canada,CAN,AGU
266,0,254,35,sr:competitor:322589,"Pujol Navarro, Bruno",Spain,ESP,PUJ
267,-20,252,19,sr:competitor:53483,"Masur, Daniel",Germany,DEU,MAS
268,0,252,23,sr:competitor:614090,"Pieczonka, Filip",Poland,POL,PIE
269,28,252,24,sr:competitor:60614,"Poljak, David",Czechia,CZE,POL
270,-11,252,30,sr:competitor:126622,Ruehl. Tim,Germany,DEU,RUE
271,-2,250,6,sr:competitor:130398,"Kecmanovic, Miomir",Serbia,SRB,KEC
272,14,250,26,sr:competitor:126402,"Denolly, Corentin",France,FRA,DEN
273,-3,249,13,sr:competitor:79227,"Sinclair, Colin",Northern Mariana Islands,MNP,SIN
274,-3,249,25,sr:competitor:207777,"Imamura, Masamichi",Japan,JPN,IMA
275,-3,248,21,sr:competitor:180104,"Reymond, Arthur",France,FRA,REY
276,-1,244,28,sr:competitor:452787,"Kumar, Pranav",USA,USA,KUM
277,1,242,11,sr:competitor:130436,"Habib, Hady",Lebanon,LBN,HAB
278,1,242,17,sr:competitor:305558,"Roncadelli, Franco",Uruguay,URY,RON
279,3,240,8,sr:competitor:106755,"Rublev, Andrey",Neutral,,RUB
280,3,240,15,sr:competitor:774476,"Debru, Gabriel",France,FRA,DEB
281,3,240,21,sr:competitor:163540,"Hermans, Mats",Netherlands,NLD,HER
282,3,240,22,sr:competitor:927343,"Cadenasso, Gianluca",Italy,ITA,CAD
283,-22,237,24,sr:competitor:398360,"Urrea, Andres",Colombia,COL,URR
284,4,237,31,sr:competitor:154570,"Orlov, Vladyslav",Ukraine,UKR,ORL
285,-9,236,28,sr:competitor:217192,"Ouakaa, Aziz",Tunisia,TUN,OUA
286,3,232,17,sr:competitor:759900,"Lanik, Tomas",Slovakia,SVK,LAN
287,7,231,20,sr:competitor:505542,"Grevelius, Erik",Sweden,SWE,GRE
288,-7,231,31,sr:competitor:645442,"Genov, Anthony",Bulgaria,BGR,GEN
289,-24,230,3,sr:competitor:145112,"Huesler, Marc-Andrea",Switzerland,CHE,HUE
290,16,229,14,sr:competitor:240264,"Reis Da Silva, Joao Lucas",Brazil,BRA,REI
291,1,229,27,sr:competitor:739643,"Loof, Thijmen",Netherlands,NLD,LOO
292,1,228,7,sr:competitor:121668,"Meligeni Alves, Felipe",Brazil,BRA,MEL
293,2,228,18,sr:competitor:303808,"Nijboer, Ryan",Netherlands,NLD,NIJ
294,7,228,21,sr:competitor:437794,"Heinonen, Adam",Sweden,SWE,HEI
295,56,228,22,sr:competitor:95939,"Whitehouse, Mark",Great Britain,GBR,WHI
296,6,228,28,sr:competitor:381022,"Wendelken, Harry",Great Britain,GBR,WEN
297,-1,227,13,sr:competitor:17359,"Oswald, Philipp",Austria,AUT,OSW
298,0,225,5,sr:competitor:47975,"Hanfmann, Yannick",Germany,DEU,HAN
298,0,225,5,sr:competitor:129368,"Koepfer, Dominik",Germany,DEU,KOE
300,0,225,7,sr:competitor:15931,"Brown, Dustin",Jamaica,JAM,BRO
301,-11,223,27,sr:competitor:161220,"Pavel, Bogdan",Romania,ROU,PAV
302,-35,218,14,sr:competitor:82133,"Dellien, Murkel",Bolivia,BOL,DEV
303,0,218,22,sr:competitor:645452,"Nesterov, Pyotr",Bulgaria,BGR,NES
304,-27,217,9,sr:competitor:145122,"Martineau, Matteo",France,FRA,MAR
305,0,215,6,sr:competitor:49172,"Dzumhur, Damir",Bosnia & Herzegovina,BIH,DZU
306,10,213,31,sr:competitor:154490,"Pearson, Kody",Australia,AUS,PEA
307,0,212,13,sr:competitor:99587,"Chung, Yun Seong",Republic of Korea,KOR,CHU
308,0,211,9,sr:competitor:113905,"Moreno de Alboran, Nicolas",USA,USA,MAN
309,10,211,21,sr:competitor:111609,"Barroso Campos, Alberto",Spain,ESP,BAR
310,-23,211,27,sr:competitor:48225,"Dutra Da Silva, Daniel",Brazil,BRA,DUT
311,15,211,28,sr:competitor:407791,"Mackinlay, James",Great Britain,GBR,MAC
312,-2,208,5,sr:competitor:603098,"Fery, Arthur",Great Britain,GBR,FER
313,-2,206,10,sr:competitor:373852,"Zink, Tyler",USA,USA,ZIN
314,-1,205,15,sr:competitor:49663,"Escoffier, Antoine",France,FRA,ESC
315,0,205,23,sr:competitor:116616,"Clarke, Jay",Great Britain,GBR,CLA
316,4,202,25,sr:competitor:103625,"Geerts, Michael",Belgium,BEL,GEE
317,4,201,10,sr:competitor:226124,"Holmgren, August",Denmark,DNK,HOL
318,-9,201,23,sr:competitor:973963,"Watt, James",New Zealand,NZL,WAT
319,3,200,4,sr:competitor:67154,"Barrere, Gregoire",France,FRA,BAR
320,3,200,6,sr:competitor:124656,"Vukic, Aleksandar",Australia,AUS,VUK
321,19,199,14,sr:competitor:286367,"Krutykh, Oleksii",Ukraine,UKR,KRU
322,19,199,27,sr:competitor:220590,"Huang, Tsung-Hao",Chinese Taipei,TPE,HUA
323,-11,198,12,sr:competitor:686911,"Poljicak, Mili",Croatia,HRV,POL
324,0,195,22,sr:competitor:287543,"Hulme, Matt",Australia,AUS,HUL
325,3,194,12,sr:competitor:655845,"Quinn, Ethan",USA,USA,QUI
326,3,194,21,sr:competitor:121248,"Roveri Sidney, Gabriel",Brazil,BRA,ROV
327,3,193,30,sr:competitor:202735,"Carou, Ignacio",Uruguay,URY,CAR
328,3,191,37,sr:competitor:124934,"Lomakin, Grigoriy",Kazakhstan,KAZ,LOM
329,3,190,8,sr:competitor:387066,"Forejtek, Jonas",Czechia,CZE,FOR
330,-26,189,23,sr:competitor:196672,"Davis, James",Great Britain,GBR,DAV
331,-14,188,11,sr:competitor:93597,"Pellegrino, Andrea",Italy,ITA,PEL
332,2,186,20,sr:competitor:312436,"Hudd, Emile",Great Britain,GBR,HUD
333,2,185,11,sr:competitor:49548,"Manafov, Vladyslav",Ukraine,UKR,MAN
334,20,185,12,sr:competitor:457059,"Montes-de la Torre, Inaki",Spain,ESP,MON
335,-61,185,18,sr:competitor:55787,"Olivo, Renzo",Argentina,ARG,OLI
336,30,184,21,sr:competitor:439474,"Jermar, Jan",Czechia,CZE,JER
337,21,183,23,sr:competitor:447733,"Hands, Tom",Great Britain,GBR,HAN
338,1,183,26,sr:competitor:437734,"Shin, Woobin",Republic of Korea,KOR,SHI
339,17,183,29,sr:competitor:272245,"Latinovic, Stefan",Serbia,SRB,LAT
340,2,182,33,sr:competitor:208123,"Maginley, Jody",Antigua and Barbuda,ATG,MAG
341,-8,181,29,sr:competitor:767058,"Lobanov, Aleksandr",Neutral,,LOB
342,0,180,1,sr:competitor:112783,"Berrettini, Matteo",Italy,ITA,BER
343,1,180,2,sr:competitor:57703,"Pouille, Lucas",France,FRA,POU
344,1,180,2,sr:competitor:429603,"Rune, Holger",Denmark,DNK,RUN
345,1,180,3,sr:competitor:163504,"Medvedev, Daniil",Neutral,,MED
346,1,180,3,sr:competitor:225050,"Sinner, Jannik",Italy,ITA,SIN
347,220,180,6,sr:competitor:104847,"Sonego, Lorenzo",Italy,ITA,SON
348,-11,180,8,sr:competitor:682911,"Faria, Jaime",Portugal,PRT,FAR
349,0,180,10,sr:competitor:450283,"Mpetshi Perricard, Giovanni",France,FRA,MPE
350,26,180,13,sr:competitor:378220,"Huertas Del Pino Cordova, Arklon",Peru,PER,HUE
351,-26,180,22,sr:competitor:244388,"Kalyanpur, Adil",India,IND,KAL
352,-2,179,26,sr:competitor:182086,"Bass, Finn",Great Britain,GBR,BAS
353,-1,178,24,sr:competitor:54903,"Karlovskiy, Evgeny",Neutral,,KAR
354,5,178,24,sr:competitor:452691,"Araujo, Pedro",Portugal,PRT,ARA
355,-2,178,25,sr:competitor:435758,"Vanshelboim, Eric",Ukraine,UKR,VAN
356,-20,178,36,sr:competitor:223788,"Stepanov, Roy",Israel,ISR,STE
357,0,175,4,sr:competitor:90798,"Halys, Quentin",France,FRA,HAL
358,-44,175,22,sr:competitor:193912,"Dev, S D Prajwal",India,IND,DEV
359,1,173,12,sr:competitor:286541,"Zhukayev, Beibit",Kazakhstan,KAZ,ZHU
360,-42,173,13,sr:competitor:50360,"Margaroli, Luca",Switzerland,CHE,MAR
361,23,172,18,sr:competitor:976405,"Taguchi, Ryotaro",Japan,JPN,TAG
362,-1,171,12,sr:competitor:679701,"Gueymard Wayenburg, Sascha",France,FRA,GUE
363,0,171,18,sr:competitor:750283,"Isomura, Kokoro",Japan,JPN,ISO
364,0,170,9,sr:competitor:515510,"Heide, Gustavo",Brazil,BRA,HEI
365,2,169,8,sr:competitor:947875,"Zhou, Yi",China,CHN,ZHO
366,6,169,19,sr:competitor:138712,"Oradini, Giovanni",Italy,ITA,ORA
367,1,169,21,sr:competitor:855911,"Hrazdil, Jan",Czechia,CZE,HRA
368,-13,168,27,sr:competitor:130442,"Rai, Ajeet",New Zealand,NZL,RAI
369,5,168,30,sr:competitor:16852,"Uzhylovskyi, Volodoymyr",Ukraine,UKR,UZV
370,0,167,6,sr:competitor:310974,"De Jong, Jesper",Netherlands,NLD,DEJ
371,-33,167,13,sr:competitor:205767,"Cretu, Cezar (2001)",Romania,ROU,CRE
372,3,166,25,sr:competitor:681071,"Ganta, Sai Karteek Reddy",India,IND,GAN
373,-30,166,26,sr:competitor:229024,"Zahraj, Patrick",Germany,DEU,ZAH
374,8,165,24,sr:competitor:280559,"Catini, Niccolo",Italy,ITA,CAT
375,-6,164,30,sr:competitor:458575,"Agostini, Simone",Italy,ITA,AGO
376,1,163,15,sr:competitor:564952,"Kusuhara, Yusuke",Japan,JPN,KUS
377,-4,163,19,sr:competitor:118166,"Bakshi, Aleksandre",Georgia,GEO,BAK
378,-51,162,6,sr:competitor:80665,"Polmans, Marc",Australia,AUS,POL
379,30,156,18,sr:competitor:51100,"Roca Batalla, Oriol",Spain,ESP,ROC
380,6,154,11,sr:competitor:263857,"De Krom, Michiel",Netherlands,NLD,DE
381,6,153,15,sr:competitor:644676,"Milev, Yanaki",Bulgaria,BGR,MIL
382,3,153,20,sr:competitor:96239,"Durasovic, Viktor",Norway,NOR,DUR
383,0,153,30,sr:competitor:156826,"van Wyk, Kris",South Africa,ZAF,VAN
384,5,152,8,sr:competitor:240876,"Crawford, Oliver",Great Britain,GBR,CRA
385,3,151,17,sr:competitor:620338,"Sharipov, Marat",Neutral,,SHA
386,6,150,1,sr:competitor:46391,"Struff, Jan-Lennard",Germany,DEU,STR
387,7,150,3,sr:competitor:763108,"Mensik, Jakub",Czechia,CZE,MEN
388,7,150,6,sr:competitor:185388,"Humbert, Ugo",France,FRA,HUM
389,7,149,7,sr:competitor:565070,"Monday, Johannus",Great Britain,GBR,MON
390,-11,149,20,sr:competitor:873679,"Bondioli, Federico",Italy,ITA,BON
391,25,149,21,sr:competitor:202681,"Marrero Curbelo, Ivan",Spain,ESP,MAR
392,5,148,12,sr:competitor:205773,"Sanchez Jover, Carlos",Spain,ESP,SAN
393,-3,148,18,sr:competitor:215492,"Cui, Jie",China,CHN,CUI
394,11,147,16,sr:competitor:215778,"Izquierdo Luque, Rafael",Spain,ESP,IZQ
395,3,146,9,sr:competitor:938667,"Schwaerzler, Joel",Austria,AUT,SCH
396,-31,145,20,sr:competitor:138528,"Mejia, Nicolas",Colombia,COL,MEJ
397,2,144,16,sr:competitor:16781,"Sharan, Divij",India,IND,SHA
398,-18,144,20,sr:competitor:298118,"Summers, Matthew",Great Britain,GBR,SUM
399,1,143,10,sr:competitor:321667,"Mayot, Harold",France,FRA,MAY
400,-19,143,21,sr:competitor:497320,"Visker, Niels",Netherlands,NLD,VIS
401,1,140,4,sr:competitor:405969,"Paulson, Andrew",Czechia,CZE,PAU
402,1,140,10,sr:competitor:763106,"Barton, Hynek",Czechia,CZE,BAR
403,-41,139,11,sr:competitor:52276,"Krueger, Mitchell",USA,USA,KRU
404,0,139,14,sr:competitor:809324,"Pacheco Mendez, Rodrigo",Mexico,MEX,PAC
405,1,139,18,sr:competitor:524256,"Beckley, Alec",South Africa,ZAF,BEC
406,37,139,22,sr:competitor:501410,"Hignett, Liam",Great Britain,GBR,HIG
407,7,138,15,sr:competitor:345060,"Kingsley, Cannon",USA,USA,KIN
408,-1,138,15,sr:competitor:54975,"Casanova, Hernan",Argentina,ARG,CAS
409,6,138,21,sr:competitor:785974,"La Serna, Juan Manuel",Argentina,ARG,LA
410,-2,137,13,sr:competitor:283451,"Rodriguez, Lorenzo Joaquin",Argentina,ARG,ROD
411,37,137,17,sr:competitor:269535,"Potenza, Luca",Italy,ITA,POT
412,11,137,19,sr:competitor:418167,"Garcian, Axel",France,FRA,GAR
413,-22,137,19,sr:competitor:385204,"Verbin, Pavel",Neutral,,VER
414,39,137,21,sr:competitor:217038,"Seeman, Johannes",Estonia,EST,SEE
415,-5,136,22,sr:competitor:119126,"Taylor, Adam (1991)",Australia,AUS,TAY
416,6,136,28,sr:competitor:418163,"Perfetti, Noah",Italy,ITA,PER
417,-6,135,1,sr:competitor:163636,"Klein, Lukas",Slovakia,SVK,KLE
418,-6,135,5,sr:competitor:57021,"Kovalik, Jozef",Slovakia,SVK,KOV
419,-6,135,10,sr:competitor:54573,"Coria, Federico",Argentina,ARG,COR
420,70,135,24,sr:competitor:390486,"Farjat, Tomas",Argentina,ARG,FAR
421,14,134,17,sr:competitor:252233,"Tang, Sheng",China,CHN,TAN
422,-5,132,5,sr:competitor:503814,"Mochizuki, Shintaro",Japan,JPN,MOC
423,-45,132,11,sr:competitor:65606,"Agamenone, Franco",Italy,ITA,AGA
424,-3,131,21,sr:competitor:170964,"Bittoun Kouzmine, Constantin",France,FRA,BIT
425,13,131,49,sr:competitor:759758,"Sakellaridis, Dimitris",Greece,GRC,SAK
426,28,129,22,sr:competitor:215696,"Schell, Niklas",Germany,DEU,SCH
427,-3,128,12,sr:competitor:359608,"Maestrelli, Francesco",Italy,ITA,MAE
428,-1,127,18,sr:competitor:1025093,"Bianchi, Juan Jose",Venezuela,VEN,BIA
429,63,126,24,sr:competitor:327067,"Beloborodko, Illya",Ukraine,UKR,BI
430,0,125,11,sr:competitor:177686,"Barranco Cosano, Javier",Spain,ESP,BAR
431,14,125,11,sr:competitor:406397,"Woodall, William",USA,USA,WOO
432,86,125,16,sr:competitor:186629,"Kirkin, Ergi",Turkiye,TUR,KIR
433,19,125,17,sr:competitor:538457,"Chopra, Keshav",USA,USA,CHO
434,-9,124,10,sr:competitor:58783,"Song, Min-Kyu",Republic of Korea,KOR,SON
435,-17,124,12,sr:competitor:242556,"McHugh, Aidan",Great Britain,GBR,MCH
436,-2,124,14,sr:competitor:114885,"Nikles, Johan",Switzerland,CHE,NIK
437,-1,124,16,sr:competitor:15743,"Istomin, Denis",Uzbekistan,UZB,IST
438,1,123,7,sr:competitor:283965,"Suresh, Dhakshineswar",India,IND,SUR
439,1,123,10,sr:competitor:22962,"Jebavy, Roman",Czechia,CZE,JEB
440,1,123,10,sr:competitor:210502,"Kopp, Sandro",Austria,AUT,KOP
441,-22,123,14,sr:competitor:362982,"Barreiros Reyes, Mateo",Brazil,BRA,BAR
442,0,123,18,sr:competitor:57759,"Oliveira, Gonzalo",Venezuela,VEN,OLI
443,-12,122,9,sr:competitor:60592,"Lee, Jeamoon",Republic of Korea,KOR,LEE
444,2,122,11,sr:competitor:88992,"Muller, Alexandre",France,FRA,MUL
445,2,122,13,sr:competitor:570833,"Rodriguez Rodriguez, Johan Alexander",Colombia,COL,ROD
446,3,122,19,sr:competitor:272273,"Mansilla Diez, Mario",Spain,ESP,MAN
447,3,122,21,sr:competitor:297608,"Hazawa, Shinji",Japan,JPN,HAZ
448,3,121,14,sr:competitor:241710,"Kikuchi, Yuta",Japan,JPN,KIK
449,-12,121,17,sr:competitor:137890,"Vale, Duarte",Portugal,PRT,VAL
450,11,121,33,sr:competitor:322729,"Bueno Gil, Alvaro",Spain,ESP,BUE
451,4,120,8,sr:competitor:307112,"Erel, Yanki",Turkiye,TUR,ERE
452,4,120,12,sr:competitor:682903,"Nakagawa, Shunsuke",Japan,JPN,NAK
453,4,120,13,sr:competitor:74441,"Couacaud, Enzo",France,FRA,COU
454,9,120,15,sr:competitor:312728,"Stewart, Hamish",Great Britain,GBR,STE
455,4,120,31,sr:competitor:160104,"Vance, Jamie",USA,USA,VAN
456,12,119,7,sr:competitor:369572,"Boulais, Justin",Canada,CAN,BOU
457,136,119,11,sr:competitor:46259,"Neuchrist, Maximilian",Austria,AUT,NEU
458,57,119,16,sr:competitor:389114,"Guillen Meza, Alvaro",Ecuador,ECU,GUI
459,19,119,20,sr:competitor:256375,"Jeong, Yeongseok",Republic of Korea,KOR,JEO
460,57,118,16,sr:competitor:389078,"Lalami Laaroussi, Younes",Morocco,MAR,LAL
461,-60,118,18,sr:competitor:50901,"Popko, Dmitry",Kazakhstan,KAZ,POP
462,12,118,19,sr:competitor:294248,"Hellum Lilleengen, Lukas",Norway,NOR,HEL
463,1,118,20,sr:competitor:64790,"Kalovelonis, Markos",Greece,GRC,KAL
464,166,118,20,sr:competitor:115239,"Kaukovalta, Patrick",Finland,FIN,KAU
465,7,118,27,sr:competitor:246745,"Tajima, Naoki",Japan,JPN,TAJ
466,0,117,11,sr:competitor:317355,"Somani, Parikshit",India,IND,SOM
467,24,117,16,sr:competitor:220932,"Shin, Sanhui",Republic of Korea,KOR,SHI
468,-35,117,19,sr:competitor:180446,"Wessels, Louis",Germany,DEU,WES
469,-2,117,24,sr:competitor:783794,"Singh, Karan (IND)",India,IND,SIN
470,-8,116,13,sr:competitor:684577,"Muller, Rik",Netherlands,NLD,MUL
471,-1,116,14,sr:competitor:269523,"Bax, Florent",France,FRA,BAX
472,-40,116,14,sr:competitor:194668,"Wenger, Damien",Switzerland,CHE,WEN
473,-2,115,2,sr:competitor:997473,"Bernet, Henry",Switzerland,CHE,BER
474,63,114,10,sr:competitor:801374,"Gea, Arthur",France,FRA,GEA
475,59,114,12,sr:competitor:50847,"Yevseyev, Denis",Kazakhstan,KAZ,YEV
476,-18,114,17,sr:competitor:951223,"Sanchez Quilez, Alejo",Spain,ESP,SAN
477,-17,114,18,sr:competitor:833418,"Del Pino, Mateo",Argentina,ARG,DEL
478,28,113,14,sr:competitor:112987,"Handel, Tim",Germany,DEU,HAN
479,3,113,15,sr:competitor:268725,"Ramskogler, Gregor",Austria,AUT,RAM
480,-5,113,20,sr:competitor:675167,"Javia, Dev",India,IND,JAV
481,-5,112,7,sr:competitor:210526,"Kopriva, Vit",Czechia,CZE,KOP
482,-5,112,18,sr:competitor:403357,"Thayne, Wally",USA,USA,THA
483,-63,112,18,sr:competitor:978579,"Ghazouani Durand, Yanis",France,FRA,GHA
484,-5,112,20,sr:competitor:76251,"Bobrov, Bogdan",Neutral,,BOB
485,-57,112,22,sr:competitor:990785,"Zheng, Zhan",China,CHN,ZHE
486,-5,111,11,sr:competitor:622876,"Vallejo, Adolfo Daniel",Paraguay,PRY,VAL
487,-4,111,17,sr:competitor:199196,"Sanchez Izquierdo, Nikolas",Spain,ESP,SAI
488,-4,111,17,sr:competitor:609146,"Okonkwo, Oliver",Great Britain,GBR,OKO
489,10,111,28,sr:competitor:404753,"Saritas, Gokberk",Turkiye,TUR,SAR
490,4,111,29,sr:competitor:376372,"Perez, Brandon",Venezuela,VEN,PER
491,-6,110,2,sr:competitor:14882,"Djokovic, Novak",Serbia,SRB,DJO
492,-6,110,4,sr:competitor:39711,"Duckworth, James",Australia,AUS,DUC
493,-6,110,12,sr:competitor:341218,"Colson, Tibo",Belgium,BEL,COL
494,-68,110,12,sr:competitor:423131,"Picchione, Andrea",Italy,ITA,PIC
495,-7,110,14,sr:competitor:382056,"Bouquier, Arthur",France,FRA,BOU
496,-67,110,19,sr:competitor:282183,"Rottoli, Lorenzo",Italy,ITA,ROT
497,135,110,23,sr:competitor:256481,"Marques, Diogo",Portugal,PRT,MAR
498,12,110,26,sr:competitor:447171,"Ogura, Kosuke",Japan,JPN,OGU
499,29,110,27,sr:competitor:149100,"Sultanov, Khumoyun",Uzbekistan,UZB,SUL
500,-35,109,9,sr:competitor:56361,"Sels, Jelle",Netherlands,NLD,SEL
1,0,10490,17,sr:competitor:72376,"Siniakova, Katerina",Czechia,CZE,SIN
2,0,8543,16,sr:competitor:51387,"Townsend, Taylor",USA,USA,TOW
3,0,7990,21,sr:competitor:74949,"Routliffe, Erin",New Zealand,NZL,ROU
4,0,6535,16,sr:competitor:43860,"Dabrowski, Gabriela",Canada,CAN,DAB
5,0,6285,16,sr:competitor:64496,"Ostapenko, Jelena",Latvia,LVA,OST
6,0,5625,15,sr:competitor:19202,"Errani, Sara",Italy,ITA,ERR
6,1,5625,15,sr:competitor:69208,"Paolini, Jasmine",Italy,ITA,PAO
8,2,4960,24,sr:competitor:19932,"Muhammad, Asia",USA,USA,MUH
9,0,4835,21,sr:competitor:41520,"Kichenok, Lyudmyla",Ukraine,UKR,KIC
10,-2,4726,18,sr:competitor:18936,"Hsieh, Su-Wei",Chinese Taipei,TPE,HSI
11,2,4341,31,sr:competitor:19607,"Zhang, Shuai",China,CHN,ZHA
12,-1,4325,25,sr:competitor:48625,"Chan, Hao-Ching",Chinese Taipei,TPE,CHA
13,-1,4215,19,sr:competitor:66968,"Kudermetova, Veronika",Neutral,,KUD
14,0,4075,28,sr:competitor:47810,"Khromacheva, Irina",Neutral,,KHR
15,0,3963,23,sr:competitor:64021,"Krawczyk, Desirae",USA,USA,KRA
16,1,3913,31,sr:competitor:69718,"Danilina, Anna",Kazakhstan,KAZ,DAN
17,-1,3820,26,sr:competitor:119670,"Perez, Ellen",Australia,AUS,PER
18,1,3715,16,sr:competitor:37508,"Siegemund, Laura",Germany,DEU,SIE
19,-1,3650,26,sr:competitor:46084,"Melichar-Martinez, Nicole",USA,USA,MEL
20,1,3515,17,sr:competitor:123824,"Dolehide, Caroline",USA,USA,DOL
21,2,3398,23,sr:competitor:18354,"Mattek-Sands, Bethanie",USA,USA,MAT
22,2,3385,14,sr:competitor:33593,"Mladenovic, Kristina",France,FRA,MLA
23,-1,3306,6,sr:competitor:373352,"Gauff, Coco",USA,USA,GAU
24,7,3253,22,sr:competitor:50537,"Schuurs, Demi",Netherlands,NLD,SCH
25,0,3174,27,sr:competitor:99131,"Bucsa, Cristina",Spain,ESP,BUC
26,0,3169,15,sr:competitor:588071,"Shnaider, Diana",Neutral,,SHN
27,1,3148,18,sr:competitor:91960,"Kenin, Sofia",USA,USA,KEN
28,-1,3073,28,sr:competitor:24431,"Panova, Alexandra",Neutral,,PAN
29,0,2879,12,sr:competitor:871583,"Andreeva, Mirra",Neutral,,AND
30,-10,2665,16,sr:competitor:78551,"Mertens, Elise",Belgium,BEL,MER
31,11,2664,28,sr:competitor:129714,"Nicholls, Olivia",Great Britain,GBR,NIC
32,-2,2615,16,sr:competitor:289507,"Fernandez, Leylah Annie",Canada,CAN,FER
33,15,2589,28,sr:competitor:142996,"Mihalikova, Tereza",Slovakia,SVK,MIH
34,1,2567,25,sr:competitor:43102,"Babos, Timea",Hungary,HUN,BAB
35,-2,2449,29,sr:competitor:150122,"Jiang, Xinyu",China,CHN,JIA
36,-2,2437,33,sr:competitor:182178,"Wu, Fang-Hsien",Chinese Taipei,TPE,FAN
37,-1,2365,21,sr:competitor:19655,"Niculescu, Monica",Romania,ROU,NIC
38,0,2324,29,sr:competitor:166124,"Olmos, Giuliana",Mexico,MEX,OLM
39,-2,2299,30,sr:competitor:66432,"Kato, Miyu",Japan,JPN,KAT
40,-8,2248,18,sr:competitor:96075,"Stefani, Luisa",Brazil,BRA,STE
41,-1,2236,24,sr:competitor:49682,"Kichenok, Nadiia",Ukraine,UKR,KIC
42,-1,2198,23,sr:competitor:51481,"Sutjiadi, Aldila",Indonesia,IDN,SUT
43,-4,2138,10,sr:competitor:60392,"Sorribes Tormo, Sara",Spain,ESP,SOR
44,-1,2102,9,sr:competitor:60398,"Krejcikova, Barbora",Czechia,CZE,KRE
45,0,2060,16,sr:competitor:272217,"Wang, Xinyu",China,CHN,WAN
46,0,2053,28,sr:competitor:19974,"Xu, Yifan",China,CHN,YIF
47,0,2030,31,sr:competitor:70784,"Hozumi, Eri",Japan,JPN,HOZ
48,-4,1976,21,sr:competitor:153652,"Guo, Hanyu",China,CHN,GUO
49,0,1969,29,sr:competitor:47801,"Eikeri, Ulrikke",Norway,NOR,EIK
50,0,1943,11,sr:competitor:103901,"Ruse, Elena-Gabriela",Romania,ROU,RUS
51,0,1919,27,sr:competitor:19731,"Piter, Katarzyna",Poland,POL,PIT
52,3,1855,20,sr:competitor:157672,"Stollar, Fanny",Hungary,HUN,STO
53,0,1823,29,sr:competitor:43547,"Aoyama, Shuko",Japan,JPN,AOY
54,0,1786,12,sr:competitor:59702,"Haddad Maia, Beatriz",Brazil,BRA,HAD
55,1,1732,15,sr:competitor:47697,"Zheng, Saisai",China,CHN,ZHE
56,4,1724,14,sr:competitor:128584,"Samsonova, Liudmila",Neutral,,SAM
57,0,1711,7,sr:competitor:278887,"Kostyuk, Marta",Ukraine,UKR,KOS
58,0,1682,31,sr:competitor:60668,"Ninomiya, Makoto",Japan,JPN,NIN
59,2,1612,29,sr:competitor:61606,"Sizikova, Yana",Neutral,,SIZ
60,-8,1538,14,sr:competitor:138452,"Shibahara, Ena",Japan,JPN,SHI
61,-2,1445,10,sr:competitor:44834,"Pegula, Jessica",USA,USA,PEG
62,0,1420,15,sr:competitor:53789,"Dart, Harriet",Great Britain,GBR,DAR
63,0,1416,14,sr:competitor:135854,"Neel, Ingrid",Estonia,EST,NEE
64,0,1396,13,sr:competitor:41877,"Yuan, Yue",China,CHN,YUA
65,0,1391,13,sr:competitor:252223,"Rakhimova, Kamilla",Neutral,,RAK
66,0,1336,29,sr:competitor:215476,"Siskova, Anna",Czechia,CZE,SIS
67,0,1325,30,sr:competitor:52695,"Moratelli, Angelica",Italy,ITA,MOR
68,0,1307,15,sr:competitor:549759,"Krueger, Ashlyn",USA,USA,KRU
69,0,1298,15,sr:competitor:23158,"Stephens, Sloane",USA,USA,STE
70,1,1277,10,sr:competitor:88310,"Sherif Ahmed Abdelaziz, Maiar",Egypt,EGY,SHE
71,1,1236,31,sr:competitor:69602,"Lumsden, Maia",Great Britain,GBR,LUM
72,1,1216,29,sr:competitor:37504,"Kalashnikova, Oksana",Georgia,GEO,KAL
73,1,1195,29,sr:competitor:194106,"Tang, Qianhui",China,CHN,TAN
74,-4,1172,15,sr:competitor:105463,"Bouzkova, Marie",Czechia,CZE,BOU
75,0,1111,13,sr:competitor:401055,"Noskova, Linda",Czechia,CZE,NOS
76,6,1101,12,sr:competitor:45545,"Putintseva, Yulia",Kazakhstan,KAZ,PUT
77,-1,1078,13,sr:competitor:192130,"Blinkova, Anna",Neutral,,BLI
78,7,1077,14,sr:competitor:67759,"Alexandrova, Ekaterina",Neutral,,ALE
79,-2,1063,29,sr:competitor:48451,"Cavalle-Reimers, Yvonne",Spain,ESP,CAV
80,-2,1040,30,sr:competitor:44977,"Santamaria, Sabrina",USA,USA,SAN
81,9,1030,7,sr:competitor:45915,"Yang, Zhaoxuan",China,CHN,YAN
82,-2,1000,27,sr:competitor:71754,"Martins, Ingrid",Brazil,BRA,MAR
83,-2,990,30,sr:competitor:168526,"Appleton, Emily",Great Britain,GBR,APP
84,0,975,32,sr:competitor:73542,"Gleason, Quinn",USA,USA,GLE
85,1,966,31,sr:competitor:182054,"Skoch, Miriam",Czechia,CZE,SKO
86,1,958,14,sr:competitor:234150,"Potapova, Anastasia",Neutral,,POT
87,-8,930,14,sr:competitor:42289,"Linette, Magda",Poland,POL,LIN
88,0,923,11,sr:competitor:52025,"Wang, Yafan",China,CHN,WAN
89,0,916,33,sr:competitor:121760,"Anshba, Amina",Neutral,,ANS
90,5,913,31,sr:competitor:51651,"Rosatello, Camilla",Italy,ITA,ROS
91,2,882,10,sr:competitor:360038,"Stearns, Peyton",USA,USA,STE
92,0,876,13,sr:competitor:256547,"Parks, Alycia",USA,USA,PAR
93,1,874,28,sr:competitor:173748,"Detiuc, Anastasia",Czechia,CZE,DET
94,-3,871,15,sr:competitor:41404,"Watson, Heather",Great Britain,GBR,WAT
95,4,869,24,sr:competitor:799304,"Pridankina, Elena",Neutral,,PRI
96,-13,867,14,sr:competitor:41524,"Krunic, Aleksandra",Serbia,SRB,KA
97,-1,865,34,sr:competitor:54175,"Zimmermann, Kimberley",Belgium,BEL,ZIM
98,-1,861,7,sr:competitor:18298,"Zvonareva, Vera",Neutral,,ZVO
99,34,810,5,sr:competitor:179146,"Kalinskaya, Anna",Neutral,,KAL
100,-2,810,18,sr:competitor:111189,"Zarazua, Renata",Mexico,MEX,ZAR
101,5,797,18,sr:competitor:108621,"Kempen, Magali",Belgium,BEL,KEM
102,-2,792,8,sr:competitor:318195,"Parry, Diane",France,FRA,PAR
103,-2,789,32,sr:competitor:418583,"Haverlag, Isabelle",Netherlands,NLD,HAV
104,3,786,19,sr:competitor:210558,"Jorge, Francisca",Portugal,PRT,JOR
105,-3,782,15,sr:competitor:72450,"Hibino, Nao",Japan,JPN,HIB
106,-1,772,21,sr:competitor:227486,"Zantedeschi, Aurora",Italy,ITA,ZAN
107,-4,762,14,sr:competitor:150574,"Bondar, Anna",Hungary,HUN,BON
108,0,759,13,sr:competitor:262759,"Wang, Xiyu",China,CHN,WAN
109,6,740,19,sr:competitor:453301,"Jorge, Matilde",Portugal,PRT,JOR
110,-1,736,26,sr:competitor:378340,"Corley, Carmen",USA,USA,COR
111,-1,736,33,sr:competitor:51943,"Strakhova, Valeriya",Ukraine,UKR,STR
112,-1,727,23,sr:competitor:215598,"Vedder, Eva",Netherlands,NLD,VED
113,0,720,32,sr:competitor:143140,"Aney, Jessie",USA,USA,ANE
114,0,698,26,sr:competitor:53288,"Silva, Eden",Great Britain,GBR,SIL
115,1,684,20,sr:competitor:67430,"Cascino, Estelle",France,FRA,CAS
116,-4,680,15,sr:competitor:335171,"Uchijima, Moyuka",Japan,JPN,UCH
117,0,676,26,sr:competitor:49907,"Murray Sharan, Samantha",Great Britain,GBR,MUS
118,4,675,32,sr:competitor:628178,"Brooks, Madeleine",Great Britain,GBR,BRO
119,-1,674,15,sr:competitor:42492,"Kawa, Katarzyna",Poland,POL,KAW
120,-1,671,7,sr:competitor:72758,"Cristian, Jaqueline",Romania,ROU,CRI
121,-1,661,17,sr:competitor:303814,"Tikhonova, Anastasia",Neutral,,TIK
122,-1,660,18,sr:competitor:161270,"Salden, Lara",Belgium,BEL,SAL
123,-19,652,9,sr:competitor:286435,"Gadecki, Olivia",Australia,AUS,GAD
124,0,650,4,sr:competitor:19546,"Pavlyuchenkova, Anastasia",Neutral,,PAV
125,0,649,26,sr:competitor:87090,"Chong, Eudice","Hong Kong, China",HKG,CHO
126,1,632,26,sr:competitor:98607,"Chang, Sophie",USA,USA,CHA
127,7,629,15,sr:competitor:64085,"Pigossi, Laura",Brazil,BRA,PIG
128,-2,628,23,sr:competitor:50915,"Plipuech, Peangtarn",Thailand,THA,PLI
129,3,625,21,sr:competitor:19847,"Rus, Arantxa",Netherlands,NLD,RUS
130,-2,617,19,sr:competitor:473609,"Kubka, Martyna",Poland,POL,KUB
131,-1,609,15,sr:competitor:92879,"Shymanovich, Iryna",Neutral,,SHY
132,-1,608,13,sr:competitor:345070,"Arseneault, Ariana",Canada,CAN,ARS
133,2,593,17,sr:competitor:118096,"Papadakis, Lena",Germany,DEU,PAP
134,2,589,21,sr:competitor:256447,"Monnet, Carole",France,FRA,MON
135,-6,588,17,sr:competitor:867519,"Tsao, Chia Yi",Chinese Taipei,TPE,TSA
136,2,580,28,sr:competitor:46428,"Maleckova, Jesika",Czechia,CZE,MAL
137,3,578,29,sr:competitor:61526,"Thombare, Prarthana",India,IND,THO
138,-1,566,13,sr:competitor:297588,"Romero Gormaz, Leyre",Spain,ESP,ROM
139,2,564,11,sr:competitor:235260,"Chwalinska, Maja",Poland,POL,CHW
140,2,560,2,sr:competitor:228418,"Navarro, Emma",USA,USA,NAV
141,4,552,5,sr:competitor:133662,"Badosa, Paula",Spain,ESP,BAD
142,4,547,16,sr:competitor:147506,"Fourlis, Jaimee",Australia,AUS,FOU
143,4,542,6,sr:competitor:373354,"Cocciaretto, Elisabetta",Italy,ITA,COC
144,22,535,14,sr:competitor:120666,"Stojanovic, Nina",Serbia,SRB,STO
145,3,532,26,sr:competitor:92877,"Fossa Huergo, Nicole",Italy,ITA,FOS
146,3,532,25,sr:competitor:99429,"Hule, Petra",Australia,AUS,HUL
147,-4,531,13,sr:competitor:771430,"Naef, Celine",Switzerland,CHE,NAE
148,8,528,21,sr:competitor:137932,"Mikulskyte, Justina",Lithuania,LTU,MIK
149,-10,525,32,sr:competitor:448121,"Rogers, Anna",USA,USA,ROG
150,11,521,22,sr:competitor:148276,"Zheng, Wushuang",China,CHN,ZHE
151,-7,519,15,sr:competitor:226306,"Corley, Ivana",USA,USA,COR
152,-1,517,30,sr:competitor:46528,"Perrin, Conny",Switzerland,CHE,PER
153,9,512,23,sr:competitor:137990,"Failla, Jessica",USA,USA,FAI
154,-2,510,24,sr:competitor:235252,"Kozyreva, Maria",Neutral,,KOZ
155,-2,509,11,sr:competitor:227390,"Brancaccio, Nuria",Italy,ITA,BRA
156,-2,508,18,sr:competitor:369524,"Erjavec, Veronika",Slovenia,SVN,ERJ
157,-2,505,7,sr:competitor:90664,"Kalinina, Anhelina",Ukraine,UKR,KAL
158,52,504,7,sr:competitor:287769,"Kessler, McCartney",USA,USA,KES
159,-1,490,12,sr:competitor:87834,"Hon, Priscilla",Australia,AUS,HON
160,3,489,30,sr:competitor:65610,"Wagner, Anita",Bosnia & Herzegovina,BIH,WAG
161,-2,489,31,sr:competitor:143146,"Smith, Alana",USA,USA,SMI
162,-2,486,16,sr:competitor:71284,"Bains, Naiktha",Great Britain,GBR,BAI
163,-6,480,25,sr:competitor:189384,"Kulambayeva, Zhibek",Kazakhstan,KAZ,KUL
164,0,475,21,sr:competitor:170880,"Kononova, Maria",Neutral,,KON
165,2,474,23,sr:competitor:102637,"McAdoo, Rasheeda",USA,USA,MCA
166,-1,466,44,sr:competitor:325837,"Sakellaridi, Sapfo",Greece,GRC,SAK
167,4,465,20,sr:competitor:250285,"Falkowska, Weronika",Poland,POL,FAL
168,-18,461,16,sr:competitor:208125,"Liang, En-Shuo",Chinese Taipei,TPE,LIA
169,-1,461,23,sr:competitor:119216,"Herrero Linana, Alicia",Spain,ESP,HER
170,12,458,14,sr:competitor:160190,"Hartono, Arianne",Netherlands,NLD,HAR
171,18,454,13,sr:competitor:52183,"Bara, Irina Maria",Romania,ROU,BARA
172,-3,451,5,sr:competitor:569013,"Fernandez, Bianca Jolie",Canada,CAN,FER
173,7,448,15,sr:competitor:448081,"Noha Akugue, Noma",Germany,DEU,NOH
174,-4,448,29,sr:competitor:245673,"Feng, Shuo",China,CHN,FEN
175,-2,441,18,sr:competitor:776340,"Joint, Maya",Australia,AUS,JOI
176,-2,441,24,sr:competitor:91916,"Grey, Sarah Beth",Great Britain,GBR,GRE
177,-1,437,26,sr:competitor:206995,"Rosca, Christina",USA,USA,ROS
178,-1,437,27,sr:competitor:805538,"Cross, Kayla",Canada,CAN,CRO
179,-1,436,10,sr:competitor:115507,"Bolsova, Aliona",Spain,ESP,BOL
180,8,436,23,sr:competitor:195408,"Shimizu, Ayano",Japan,JPN,SHI
181,-2,433,14,sr:competitor:52489,"Schoofs, Bibiane",Netherlands,NLD,SCH
182,2,425,8,sr:competitor:242630,"Osorio, Camila",Colombia,COL,OSO
183,2,425,36,sr:competitor:41359,"Yashina, Ekaterina",Neutral,,YAS
184,-12,425,24,sr:competitor:215806,"Hewitt, Dalayna",USA,USA,HEW
185,-4,425,17,sr:competitor:82609,"Grammatikopoulou, Valentini",Greece,GRC,GRA
186,0,422,7,sr:competitor:608348,"Kupres, Mia",Canada,CAN,KUP
187,5,422,22,sr:competitor:45139,"Papamichail, Despina",Greece,GRC,PAP
188,19,422,20,sr:competitor:156040,"Cho, I-Hsuan",Chinese Taipei,TPE,CHO
188,19,422,20,sr:competitor:210670,"Cho, Yi Tsen",Chinese Taipei,TPE,CHO
190,9,420,26,sr:competitor:46650,"Kolb, Nadia",Ukraine,UKR,KOL
191,-4,419,18,sr:competitor:70728,"Bhosale, Rutuja",India,IND,BHO
192,-9,418,11,sr:competitor:319455,"Baptiste, Hailey",USA,USA,BAP
193,7,417,26,sr:competitor:97031,"Christofi, Eleni",Greece,GRC,CHR
194,-4,416,25,sr:competitor:119874,"Ibbou, Ines",Algeria,DZA,IBB
195,9,416,19,sr:competitor:183957,"Kobori, Momoko",Japan,JPN,KOB
196,-21,410,8,sr:competitor:105099,"Birrell, Kimberly",Australia,AUS,BIR
197,-1,407,29,sr:competitor:64315,"Kuwata, Hiroko",Japan,JPN,KUW
198,8,405,29,sr:competitor:45827,"Lechemia, Elixane",France,FRA,LEC
199,-4,401,11,sr:competitor:110055,"Bronzetti, Lucia",Italy,ITA,BRO
200,-2,400,23,sr:competitor:203893,"Kucmova, Aneta",Czechia,CZE,KUC
201,0,396,9,sr:competitor:675189,"Preston, Taylah",Australia,AUS,PRE
202,-11,396,18,sr:competitor:119410,"Krywoj, Melany Solange",Argentina,ARG,KRY
203,-1,394,21,sr:competitor:414533,"Abbagnato, Anastasia",Italy,ITA,ABB
204,-1,394,25,sr:competitor:93657,"Karamoko, Naima",Switzerland,CHE,KAR
205,-12,392,10,sr:competitor:789688,"Ngounoue, Clervie",USA,USA,NGO
206,24,387,25,sr:competitor:290994,"Wong, Hong Yi Cody","Hong Kong, China",HKG,WON
207,-10,385,29,sr:competitor:46625,"Raina, Ankita",India,IND,RAI
208,1,385,25,sr:competitor:378144,"Karatancheva, Lia",Bulgaria,BGR,KAR
209,-15,383,24,sr:competitor:310984,"Sato, Naho",Japan,JPN,SAT
210,1,383,17,sr:competitor:385206,"Radisic, Nika",Slovenia,SVN,RAD
211,4,382,30,sr:competitor:244216,"Giavara, Haley",USA,USA,GIA
212,80,380,9,sr:competitor:329535,"Tauson, Clara",Denmark,DNK,TAU
213,12,379,19,sr:competitor:676251,"Wuerth, Tara",Croatia,HRV,WUR
214,-1,378,24,sr:competitor:353358,"Tran, Lian",Netherlands,NLD,TRA
215,1,376,23,sr:competitor:67194,"Kolb, Maryna",Ukraine,UKR,KOL
216,1,375,32,sr:competitor:80427,"Osborne, Alexandra",Australia,AUS,OSB
217,1,372,34,sr:competitor:59762,"Barnett, Alicia",Great Britain,GBR,BAR
218,2,368,21,sr:competitor:79443,"Cabrera, Lizette",Australia,AUS,CAB
219,2,367,14,sr:competitor:26120,"Marino, Rebecca",Canada,CAN,MAR
220,12,366,24,sr:competitor:904005,"Ibragimova, Alevtina",Neutral,,IBR
221,2,365,5,sr:competitor:192108,"Yastremska, Dayana",Ukraine,UKR,YAS
222,2,365,18,sr:competitor:568715,"Semenistaja, Darja",Latvia,LVA,SEM
223,-4,362,17,sr:competitor:190882,"Aiava, Destanee",Australia,AUS,AIA
224,2,360,32,sr:competitor:88494,"Christie, Freya",Great Britain,GBR,CHR
225,4,353,10,sr:competitor:41737,"Jang, Su Jeong",Republic of Korea,KOR,JAN
226,2,352,7,sr:competitor:110299,"Zidansek, Tamara",Slovenia,SVN,ZID
227,4,351,23,sr:competitor:23688,"Moore, Tara",Great Britain,GBR,MOO
228,-14,350,6,sr:competitor:49118,"Harrison, Catherine",USA,USA,HAR
229,-17,346,20,sr:competitor:52533,"Jakupovic, Dalila",Slovenia,SVN,JAK
230,4,344,21,sr:competitor:496316,"Gimbrere, Jasmijn",Netherlands,NLD,GIM
231,-9,341,21,sr:competitor:260987,"Osuigwe, Whitney",USA,USA,OSU
232,20,337,15,sr:competitor:416473,"Reyngold, Ekaterina",Neutral,,REY
233,3,336,23,sr:competitor:448613,"Falkner, Ziva",Slovenia,SVN,FAL
234,13,336,16,sr:competitor:731427,"Micic, Elena",Australia,AUS,MIC
235,5,334,4,sr:competitor:55401,"Jabeur, Ons",Tunisia,TUN,JAB
236,-3,334,8,sr:competitor:662615,"Salkova, Dominika",Czechia,CZE,SAL
237,63,329,18,sr:competitor:48486,"Gorgodze, Ekaterine",Georgia,GEO,GOR
238,-1,328,10,sr:competitor:762762,"Seidel, Ella",Germany,DEU,SEI
239,24,328,23,sr:competitor:282597,"Park, Sohyun",Republic of Korea,KOR,PAR
240,-5,327,5,sr:competitor:152804,"Vondrousova, Marketa",Czechia,CZE,VON
241,-3,327,16,sr:competitor:505998,"Zamarripa, Maribella",USA,USA,ZAM
242,-1,322,8,sr:competitor:47948,"Rosolska, Alicja",Poland,POL,ROS
243,32,322,21,sr:competitor:432605,"Makarova, Ekaterina",Neutral,,MAK
244,-1,316,23,sr:competitor:152106,"Zaar, Lisa",Sweden,SWE,ZAA
245,-1,316,17,sr:competitor:73500,"Loeb, Jamie",USA,USA,LOE
246,37,316,18,sr:competitor:283489,"Imamura, Saki",Japan,JPN,IMA
247,-2,315,21,sr:competitor:445209,"Xiao, Zhenghua",China,CHN,XIA
248,-9,313,16,sr:competitor:763112,"Struplova, Julie",Czechia,CZE,STR
249,-3,312,26,sr:competitor:59213,"Perez Garcia, Maria Paulina",Colombia,COL,PER
250,116,310,13,sr:competitor:153748,"Jones, Makenna",USA,USA,JON
251,-3,307,6,sr:competitor:172590,"Burrage, Jodie",Great Britain,GBR,BUR
252,-3,304,23,sr:competitor:181062,"Kung, Leonie",Switzerland,CHE,KUN
253,11,304,24,sr:competitor:70822,"Morisaki, Kanako",Japan,JPN,MOR
254,19,304,24,sr:competitor:870981,"Li, Yu-Yun",Chinese Taipei,TPE,YU-
255,-5,303,33,sr:competitor:47985,"Marcinkevica, Diana",Latvia,LVA,MAR
256,-5,303,18,sr:competitor:517274,"Rajecki, Amelia",Great Britain,GBR,RAJ
257,-4,302,10,sr:competitor:141892,"Carle, Maria",Argentina,ARG,CAR
258,-4,302,20,sr:competitor:499098,"Ito, Aoi",Japan,JPN,ITO
259,-4,301,34,sr:competitor:233478,"Bayerlova, Michaela",Czechia,CZE,BAY
260,-4,300,24,sr:competitor:807358,"Rakotomanga Rajaonah, Tiantsoa Sarah",France,FRA,RAK
261,10,299,33,sr:competitor:315663,"Barry, Monique",New Zealand,NZL,BAR
262,-5,299,22,sr:competitor:60028,"Zeballos Melgar, Noelia",Bolivia,BOL,ZEM
263,-5,299,25,sr:competitor:731441,"Vargova, Nina",Slovakia,SVK,VAR
264,-4,296,16,sr:competitor:192572,"Portillo Ramirez, Maria Jose",Mexico,MEX,POR
265,-23,295,10,sr:competitor:43527,"Kumkhum, Luksika",Thailand,THA,KUM
266,19,293,17,sr:competitor:868599,"McDonald, Ella",Great Britain,GBR,MCD
267,-6,293,19,sr:competitor:222546,"Kuzmova, Katarina",Slovakia,SVK,KUZ
268,-6,293,22,sr:competitor:343066,"Hosogi, Sakura",Japan,JPN,HOS
269,-4,290,17,sr:competitor:355958,"Visscher, Stephanie Judith",Netherlands,NLD,VIS
270,-4,287,28,sr:competitor:409673,"Zelnickova, Radka",Slovakia,SVK,ZEL
271,-2,283,12,sr:competitor:812502,"Xu, Mingge",Great Britain,GBR,MIN
272,-4,282,10,sr:competitor:41374,"Tomova, Viktoriya",Bulgaria,BGR,TOM
273,-1,282,19,sr:competitor:673491,"Szabo, Briana",Romania,ROU,SZA
274,46,282,18,sr:competitor:842594,"Li, Zongyu",China,CHN,ZON
275,-5,281,6,sr:competitor:1017327,"Samson, Laura",Czechia,CZE,SAM
276,-49,280,7,sr:competitor:202363,"Sun, Lulu",New Zealand,NZL,SUN
277,11,276,15,sr:competitor:49963,"Omae, Akiko",Japan,JPN,OMA
278,-1,275,29,sr:competitor:59662,"Sanchez, Ana Sofia",Mexico,MEX,SAN
279,-5,275,18,sr:competitor:292540,"Matsuda, Misaki",Japan,JPN,MAT
280,-2,274,28,sr:competitor:78785,"Rodriguez, Victoria",Mexico,MEX,ROD
281,-14,273,20,sr:competitor:265553,"Naito, Yuki",Japan,JPN,NAI
282,-6,272,4,sr:competitor:845268,"Korneeva, Alina",Neutral,,KOR
283,49,271,13,sr:competitor:63220,"Ponchet, Jessika",France,FRA,PON
284,-5,271,14,sr:competitor:234398,"Nahimana, Sada",Burundi,BDI,NAH
285,-80,270,3,sr:competitor:67757,"Pera, Bernarda",USA,USA,PER
286,-6,270,23,sr:competitor:289093,"Belgraver, Julie",France,FRA,BEL
287,-6,268,16,sr:competitor:86894,"Shinde, Vasanti",India,IND,SHI
288,-6,267,13,sr:competitor:341216,"Charaeva, Alina",Neutral,,CHA
289,-5,266,21,sr:competitor:343294,"Kubanova, Karolina",Czechia,CZE,KUB
290,-31,264,14,sr:competitor:194690,"Mateas, Maria",USA,USA,MAT
291,2,264,16,sr:competitor:51315,"Anderson, Robin",USA,USA,AND
292,-3,262,5,sr:competitor:755469,"Todoni, Anca Alexia",Romania,ROU,TOD
293,-3,262,20,sr:competitor:223862,"Laboutkova, Aneta",Czechia,CZE,LAB
294,-8,262,23,sr:competitor:282057,"Guo, Meiqi",China,CHN,GUO
295,10,261,24,sr:competitor:63238,"Morderger, Yana",Germany,DEU,MOR
296,-5,260,3,sr:competitor:62924,"Boulter, Katie",Great Britain,GBR,BOU
297,-3,258,22,sr:competitor:395740,"Bhamidipaty, Shrivalli Rashmikaa",India,IND,BHA
298,-3,257,3,sr:competitor:75825,"Bektas, Emina",USA,USA,BEK
299,11,257,9,sr:competitor:534045,"Gibson, Talia",Australia,AUS,GIB
300,-3,257,18,sr:competitor:198498,"Hutchinson, Holly",Great Britain,GBR,HUT
301,-3,256,15,sr:competitor:142942,"Bozovic, Alexandra",Australia,AUS,BOZ
302,24,255,14,sr:competitor:406199,"Jacquemot, Elsa",France,FRA,JAC
303,-4,255,13,sr:competitor:278943,"Lansere, Sofya",Neutral,,LAN
304,-8,253,25,sr:competitor:70970,"Bhatia, Riya",India,IND,BHA
305,18,253,26,sr:competitor:37638,"Sema, Erika",Japan,JPN,SEM
306,-19,252,21,sr:competitor:136372,"Parnaby, Alana",Australia,AUS,PAR
307,-5,248,19,sr:competitor:801396,"Gureva, Anastasiia",Neutral,,GUR
308,-5,247,11,sr:competitor:337813,"Riera, Julia",Argentina,ARG,RIE
309,2,247,25,sr:competitor:810694,"Okuwaki, Rinon",Japan,JPN,OKU
310,-6,246,19,sr:competitor:104929,"Tona, Miriana",Italy,ITA,TON
311,-5,245,7,sr:competitor:99405,"Inglis, Maddison",Australia,AUS,ING
312,0,243,14,sr:competitor:496378,"Yamazaki, Ikumi",Japan,JPN,YAM
313,784,242,4,sr:competitor:242602,"McNally, Catherine",USA,USA,MCC
314,-7,242,12,sr:competitor:54397,"Tig, Patricia Maria",Romania,ROU,TIG
315,-7,242,22,sr:competitor:510530,"Abe, Hiromi",Japan,JPN,ABE
316,-7,242,27,sr:competitor:213144,"Lemaitre, Tiphanie",France,FRA,LEM
317,-16,240,1,sr:competitor:42339,"Garcia, Caroline",France,FRA,GAR
318,-5,240,23,sr:competitor:447703,"Sato, Hikaru",Japan,JPN,SAT
319,-5,238,3,sr:competitor:45902,"Sasnovich, Aliaksandra",Neutral,,SAS
320,42,237,18,sr:competitor:132412,"Fita Boluda, Angela",Spain,ESP,FIT
321,-6,236,14,sr:competitor:194572,"Dartron, Emeline",France,FRA,DAR
322,-6,235,17,sr:competitor:567285,"Hietaranta, Laura",Finland,FIN,HIE
323,-6,235,20,sr:competitor:122668,"Daniel, Jaeda",USA,USA,DAN
324,-5,234,24,sr:competitor:233266,"Ovcharenko, Ekaterina",Neutral,,OVC
325,-3,232,24,sr:competitor:154806,"Laskutova, Ksenia",Russia,RUS,LAS
326,7,230,23,sr:competitor:61922,"Drazic, Mariana",Croatia,HRV,DRA
327,-3,229,12,sr:competitor:145930,"Hayashi, Erina",Japan,JPN,HAY
328,11,229,24,sr:competitor:54983,"Morderger, Tayisiya",Germany,DEU,MOR
329,-4,228,16,sr:competitor:337811,"Ortenzi, Jazmin",Argentina,ARG,ORT
330,-3,227,14,sr:competitor:285629,"Hindova, Denisa",Czechia,CZE,HIN
331,-1,225,9,sr:competitor:319349,"Rouvroy, Margaux",France,FRA,ROU
332,11,225,11,sr:competitor:403329,"Toth, Amarissa Kiara",Hungary,HUN,TOT
333,-5,224,18,sr:competitor:209716,"Mansouri, Yasmine",France,FRA,MAN
334,12,221,21,sr:competitor:246945,"Da Silva Fick, Gabriella",Australia,AUS,DA
335,-1,221,11,sr:competitor:329009,"Ryser, Valentina",Switzerland,CHE,RYS
336,0,221,23,sr:competitor:849533,"Lin, Fang An",Chinese Taipei,TPE,LIN
337,-19,219,10,sr:competitor:165866,"Miyazaki, Yuriko Lily",Great Britain,GBR,MIY
338,3,219,16,sr:competitor:936009,"van Emst, Sarah",Netherlands,NLD,VAN
339,13,218,10,sr:competitor:627278,"Eala, Alexandra",Philippines,PHL,EAL
340,-11,216,6,sr:competitor:110803,"Minnen, Greet",Belgium,BEL,MIN
341,-10,216,11,sr:competitor:896765,"Ishii, Sayaka",Japan,JPN,ISH
342,-7,216,20,sr:competitor:345134,"Lee, Ya-Hsin",Chinese Taipei,TPE,LEE
343,-6,216,23,sr:competitor:254553,"Nagy, Adrienn",Hungary,HUN,NAG
344,-6,215,17,sr:competitor:513582,"Chaudhari, Vaidehi",India,IND,CHA
345,-5,212,26,sr:competitor:153744,"Pereira, Rebeca",Brazil,BRA,PER
346,32,210,6,sr:competitor:245295,"Waltert, Simona",Switzerland,CHE,WAL
347,22,210,16,sr:competitor:750327,"Iatcenko, Polina",Neutral,,IAT
348,-6,210,19,sr:competitor:380368,"Sebestova, Ivana",Czechia,CZE,SEB
349,-5,209,12,sr:competitor:1020177,"Huang, Yujia",China,CHN,HUA
350,-5,208,5,sr:competitor:225130,"Starodubtseva, Yuliia",Ukraine,UKR,STA
351,-2,207,29,sr:competitor:201105,"Yuan, Chengyiyi",China,CHN,YUA
352,7,205,14,sr:competitor:129534,"Hruncakova, Viktoria",Slovakia,SVK,HRU
353,-3,204,20,sr:competitor:330689,"Kovapitukted, Punnin",Thailand,THA,KOV
354,61,203,13,sr:competitor:98523,"Ye, Qiu Yu",China,CHN,QIU
355,13,203,14,sr:competitor:813490,"Hobgarski, Katharina",Germany,DEU,HOB
356,-5,202,2,sr:competitor:341112,"Zakharova, Anastasia",Neutral,,ZAK
357,-4,201,20,sr:competitor:262023,"Wang, Meiling",China,CHN,WAN
358,-10,201,18,sr:competitor:25822,"Shapatava, Sofia",Georgia,GEO,SHA
359,-5,201,23,sr:competitor:435794,"Zolotareva, Anastasia",Neutral,,ZOL
360,-5,200,14,sr:competitor:282219,"Sakatsume, Himeno",Japan,JPN,SAK
361,-5,200,20,sr:competitor:624838,"Shi, Han",China,CHN,SHI
362,-5,200,24,sr:competitor:152762,"Kuczer, Daria",Poland,POL,KUC
363,11,198,18,sr:competitor:119496,"McPhee, Kaylah",Australia,AUS,MCP
364,-6,198,16,sr:competitor:164852,"Okalova, Martina",Slovakia,SVK,OKA
365,0,198,22,sr:competitor:745799,"Urgesi, Federica",Italy,ITA,URG
366,13,196,18,sr:competitor:436690,"Tkacheva, Mariia",Neutral,,TKA
367,-3,196,12,sr:competitor:720625,"Radivojevic, Lola",Serbia,SRB,RAD
368,-5,196,29,sr:competitor:158636,"Prisacariu, Andreea",Romania,ROU,PRI
369,1,195,11,sr:competitor:226092,"Shimizu, Eri",Japan,JPN,SHI
370,-23,192,7,sr:competitor:87078,"Hourigan, Paige Mary",New Zealand,NZL,HOU
371,15,192,12,sr:competitor:586739,"Ambrosio, Silvia",Italy,ITA,AMB
372,-12,191,26,sr:competitor:20158,"Webley-Smith, Emily",Great Britain,GBR,WEB
373,-6,190,5,sr:competitor:210716,"Lamens, Suzan",Netherlands,NLD,LAM
374,-3,186,17,sr:competitor:42864,"Lizarazo, Yuliana",Colombia,COL,LIZ
375,-3,186,12,sr:competitor:843378,"Perez Alarcon, Lucciana",Peru,PER,PER
376,-1,185,24,sr:competitor:750329,"Candiotto, Ana",Brazil,BRA,CAN
377,-1,185,15,sr:competitor:299258,"Bartone, Kamilla",Latvia,LVA,BAR
378,-1,184,2,sr:competitor:42459,"Rogers, Shelby",USA,USA,ROG
379,-6,183,8,sr:competitor:467037,"Kudermetova, Polina",Neutral,,KUD
380,9,181,13,sr:competitor:280635,"Schmidt, Antonia",Germany,DEU,SCH
381,19,180,13,sr:competitor:107327,"In-Albon, Ylena",Switzerland,CHE,IN-
382,-1,179,18,sr:competitor:751899,"Brace, Cadence",Canada,CAN,BRA
383,-1,178,16,sr:competitor:130624,"Gasanova, Anastasia",Neutral,,GAS
384,0,177,12,sr:competitor:960043,"Zolotareva, Rada",Neutral,,ZOL
385,0,177,15,sr:competitor:348196,"Amariei, Ilinca Dalina",Romania,ROU,AMA
386,4,177,21,sr:competitor:182056,"Robbe, Alice",France,FRA,ROB
387,1,176,5,sr:competitor:18588,"Safarova, Lucie",Czechia,CZE,SAF
388,-27,174,11,sr:competitor:120664,"Pedretti, Thaisa Grana",Brazil,BRA,PED
389,-2,173,26,sr:competitor:66516,"Ayukawa, Mana",Japan,JPN,AYU
390,2,171,4,sr:competitor:48455,"Golubic, Viktorija",Switzerland,CHE,GOL
391,26,171,18,sr:competitor:280989,"Kawamura, Mana",Japan,JPN,KAW
392,13,171,19,sr:competitor:341196,"Back, Dayeon",Republic of Korea,KOR,BAC
393,3,170,11,sr:competitor:58053,"Sharma, Astra",Australia,AUS,SHA
394,-1,170,10,sr:competitor:103375,"Serban, Raluca Georgiana",Cyprus,CYP,SER
395,2,170,6,sr:competitor:54171,"Benoit, Marie",Belgium,BEL,BEN
396,35,170,13,sr:competitor:102191,"Aksu, Ayla",Turkiye,TUR,AKS
397,-14,170,22,sr:competitor:47876,"Shinikova, Isabella",Bulgaria,BGR,SHI
398,-3,170,23,sr:competitor:99775,"Saigo, Yukina",Japan,JPN,SAI
399,-1,169,22,sr:competitor:72634,"Ozeki, Michika",Japan,JPN,OZE
400,-1,168,22,sr:competitor:206957,"Nagata, Anri",Japan,JPN,NAG
401,61,167,16,sr:competitor:192138,"Corley, Paris",USA,USA,COR
402,49,167,20,sr:competitor:96981,"Xun, Fang Ying",China,CHN,XUN
403,-9,165,17,sr:competitor:1020859,"Pawlikowska,  Zuzanna",Poland,POL,PAW
404,26,163,11,sr:competitor:213140,"Lene, Emma",France,FRA,LEN
405,1,163,18,sr:competitor:741607,"Simunyu, Celine",Ireland,IRL,SIM
406,40,162,11,sr:competitor:831284,"Kuramochi, Miho",Japan,JPN,KUR
407,-6,162,12,sr:competitor:138654,"Duerst, Jenny",Switzerland,CHE,DUE
408,0,162,14,sr:competitor:217036,"Malygina, Elena",Estonia,EST,MAL
409,0,161,5,sr:competitor:366114,"Avanesyan, Elina",Armenia,ARM,AVA
410,0,161,12,sr:competitor:588449,"Laskevich, Evialina",Neutral,,LAS
411,1,160,18,sr:competitor:782216,"Drugdova, Salma",Slovakia,SVK,DRU
412,-1,160,19,sr:competitor:283483,"Kozaki, Funa",Japan,JPN,KOZ
413,0,159,24,sr:competitor:80723,"Herazo Gonzalez, Maria Fernanda",Colombia,COL,HER
414,0,159,14,sr:competitor:46273,"Dinu, Cristina",Romania,ROU,DIN
415,-94,158,5,sr:competitor:728549,"Valentova, Tereza",Czechia,CZE,VAL
416,-12,158,15,sr:competitor:389048,"Weckerle, Marie",Luxembourg,LUX,WEC
417,-1,158,16,sr:competitor:1027517,"Ebeling Koning, Loes",Netherlands,NLD,EBE
418,16,157,15,sr:competitor:133080,"Hinojosa Gomez, Jessica",Mexico,MEX,HIN
419,3,157,25,sr:competitor:873729,"Bojica, Stefania",Romania,ROU,BOJ
420,-1,156,5,sr:competitor:45584,"Zhu, Lin",China,CHN,ZHU
421,27,155,11,sr:competitor:655811,"Avdeeva, Julia",Neutral,,AVD
422,-19,155,24,sr:competitor:171354,"Romero, Camila",Ecuador,ECU,ROM
423,-16,154,5,sr:competitor:264117,"Bolton, Elysia",Australia,AUS,BOL
424,-1,153,5,sr:competitor:100341,"Bolkvadze, Mariam",Georgia,GEO,BOL
425,-5,153,18,sr:competitor:132988,"MA, Yexin",China,CHN,YEX
426,-2,153,12,sr:competitor:52388,"Hesse, Amandine",France,FRA,HES
427,-25,152,18,sr:competitor:565020,"Maklakova, Ekaterina",Neutral,,MAK
428,7,152,22,sr:competitor:447759,"Katsumi, Nanari",Japan,JPN,KAT
429,-2,151,4,sr:competitor:153736,"Glushko, Lina",Israel,ISR,GLU
430,40,151,11,sr:competitor:196664,"Shalimova, Ekaterina",Neutral,,SHA
431,-3,151,13,sr:competitor:119664,"Smith, Alicia",Australia,AUS,SMI
432,0,151,15,sr:competitor:340365,"Milovanovic, Elena",Serbia,SRB,MIL
433,8,150,19,sr:competitor:522258,"Ricci, Beatrice",Italy,ITA,RIC
434,-8,150,13,sr:competitor:812476,"Zaytseva, Ksenia",Neutral,,ZAY
435,-10,150,16,sr:competitor:827440,"Fedorova, Aglaya",Neutral,,FED
436,-15,149,14,sr:competitor:310982,"Naklo, Thasaporn",Thailand,THA,NAK
437,13,149,11,sr:competitor:880229,"Cayetano, Eryn",USA,USA,CAY
438,-9,149,24,sr:competitor:171026,"Tsygourova, Katerina",Switzerland,CHE,TSY
439,-6,148,18,sr:competitor:766176,"Di Girolami, Tilwith",Belgium,BEL,DI
440,-4,146,13,sr:competitor:58423,"Stevanovic, Natalija",Serbia,SRB,STE
441,-4,146,23,sr:competitor:185412,"Labrana, Fernanda",Chile,CHL,LAB
442,-4,146,13,sr:competitor:677411,"Barrera Aguirre, Isabella",USA,USA,BAR
443,13,146,19,sr:competitor:476218,"Kawaguchi, Natsumi",Japan,JPN,KAW
444,-4,143,5,sr:competitor:517296,"Falei, Aliona",Neutral,,FAL
445,59,143,8,sr:competitor:208181,"Hatouka, Yuliya",Neutral,,HAT
446,-4,143,20,sr:competitor:858867,"Pace, Francesca",Italy,ITA,PAC
447,-56,142,9,sr:competitor:202623,"Zavatska, Katarina",Ukraine,UKR,ZAV
448,-4,142,31,sr:competitor:341238,"Boehner, Laura",Germany,DEU,BOE
449,-4,141,3,sr:competitor:499484,"Montgomery, Robin",USA,USA,MON
450,33,140,13,sr:competitor:915371,"van Den Broek, Isis Louise",Netherlands,NLD,VAN
451,-4,140,15,sr:competitor:202795,"Vismane, Daniela",Latvia,LVA,VIS
452,-3,139,17,sr:competitor:98105,"Matoula, Martha",Greece,GRC,MAT
453,-1,139,21,sr:competitor:360054,"Allen, Kolie",USA,USA,ALL
454,-15,138,18,sr:competitor:831262,"Yamalapalli, Sahaja",India,IND,YAM
455,18,138,20,sr:competitor:265743,"Burdina, Evgeniya",Neutral,,BUR
456,24,137,14,sr:competitor:1022815,"Akli, Ayana",USA,USA,AKL
457,18,137,11,sr:competitor:686597,"Pavlova, Kira",Neutral,,PAV
458,-15,137,18,sr:competitor:522848,"Rocchetti, Sofia",Italy,ITA,ROC
459,-6,136,3,sr:competitor:595220,"Stakusic, Marina",Canada,CAN,STA
460,-6,136,9,sr:competitor:431743,"Okutoyi, Angella",Kenya,KEN,OKU
461,-6,136,11,sr:competitor:221510,"Chiesa, Enola",Italy,ITA,CHI
462,15,136,17,sr:competitor:220654,"Sandberg, Vivien",Germany,DEU,SAN
463,-5,135,22,sr:competitor:569009,"Ccuno, Romina",Peru,PER,CCU
464,-5,135,10,sr:competitor:804342,"Stoiber, Ranah Akua",Great Britain,GBR,STO
465,-47,135,12,sr:competitor:64606,"Cabaj Awad, Jacqueline",Sweden,SWE,CAB
466,49,134,11,sr:competitor:494296,"Steur, Joelle Lilly Sophie",Germany,DEU,STE
467,-6,133,6,sr:competitor:51477,"Mitu, Andreea",Romania,ROU,MIT
468,-4,132,3,sr:competitor:71034,"Sramkova, Rebecca",Slovakia,SVK,SRA
469,-4,132,15,sr:competitor:620340,"Korokozidi, Elena",Greece,GRC,KOR
470,-4,131,2,sr:competitor:19704,"Martic, Petra",Croatia,HRV,MAR
471,-4,131,13,sr:competitor:264863,"Novak, Kristina",Slovenia,SVN,NOV
472,112,131,13,sr:competitor:878645,"Osuigwe, Victoria",USA,USA,OSU
473,35,130,18,sr:competitor:78431,"Lodikova, Daria",Neutral,,LOD
474,-5,130,10,sr:competitor:138330,"Thamchaiwat, Bunyawi",Thailand,THA,THA
475,31,130,16,sr:competitor:784898,"Giovannini, Luisina",Argentina,ARG,GIO
476,-5,129,10,sr:competitor:784280,"Prozorova, Tatiana",Neutral,,PRO
477,-9,129,5,sr:competitor:46661,"Gamiz, Andrea",Venezuela,VEN,GAM
478,38,129,15,sr:competitor:154744,"Lee, Eunhye (2000)",Republic of Korea,KOR,LEE
480,-6,128,4,sr:competitor:343160,"Volynets, Katie",USA,USA,VOL
481,-5,128,10,sr:competitor:833330,"Grechkina, Anastasia",Neutral,,GRE
482,41,128,12,sr:competitor:179248,"Yoshioka, Kisa",Japan,JPN,YOS
483,-26,127,11,sr:competitor:739667,"Pedone, Giorgia",Italy,ITA,PED
484,-3,126,9,sr:competitor:18350,"Voracova, Renata",Czechia,CZE,VOR
485,1,126,11,sr:competitor:378226,"Crawley, Fiona",USA,USA,CRA
486,-2,126,14,sr:competitor:18731,"Paszek, Tamira",Austria,AUT,PAS
487,-15,126,15,sr:competitor:827398,"Stankovic, Anja",Serbia,SRB,STA
488,-3,126,16,sr:competitor:203959,"Desai, Zeel",India,IND,DES
489,12,126,16,sr:competitor:511932,"Kovaleva, Anastasia",Neutral,,KOV
490,-3,125,12,sr:competitor:262701,"Hodzic, Mina",Germany,DEU,HOD
491,-3,124,5,sr:competitor:60276,"Podoroska, Nadia",Argentina,ARG,POD
492,-3,124,4,sr:competitor:32862,"Diatchenko, Vitalia",Neutral,,DIA
493,-3,124,11,sr:competitor:906635,"Shubladze, Alexandra",Neutral,,SHU
494,-34,124,21,sr:competitor:111149,"Samir, Sandra",Egypt,EGY,SAM
495,-3,123,5,sr:competitor:90814,"Teichmann, Jil",Switzerland,CHE,TEI
496,-3,123,8,sr:competitor:723099,"Ewald, Weronika",Poland,POL,EWA
497,-1,123,8,sr:competitor:342788,"Curmi, Francesca",Malta,MLT,CUR
498,43,123,9,sr:competitor:750331,"Iliev, Sarah",France,FRA,ILI
499,-5,123,15,sr:competitor:418447,"Sieg, Madison",USA,USA,SIE
500,0,122,12,sr:competitor:158690,"Vasilescu, Arina Gabriela",Romania,ROU,VAS
501,31,122,16,sr:competitor:373340,"Vlckova, Karolina",Czechia,CZE,VLC
